company_name,stockcode,sname,f_fake,f_account,year,quarter
深圳市联建光电股份有限公司,300269.SZ,联建光电,"2014年至2016年,四川分时广告传媒有限公司(以下简称“分时传煤”)通过虚构广告业务收入,跨期确认广告业务收入等方式,共虚增营业收入61,787,035.34元|虚增利润60,472,468.90元.具体违法事实如下:一,2014年8月,分时传媒与泸州老窖柒泉小酒酒类销售有限公司(以下简称“柒泉小酒”)签署户外广告发布合同,合同金额为1,500万元|2015年9月,西藏大禹伟业广告有限公司(以下简称“西藏大禹”,分时传媒孙公司)与柒泉小酒签署户外广告发布合同,合同金额为626万元,并按照合同金额确认了销售收入.经查,合同实际并未全部执行.分时传媒以此虚增2014年,2015年营业收入分别为6,196,226.42元|虚增2014年,2015年利润分别为6,196,226.42元|2015年9月和2016年1月,西藏大禹与成都金宝盛世投资管理有限公司(以下简称“金宝盛世”)签订广告制作发布协议,合同金额分别为920万元和2,100万元,并按照合同金额确认了销售收入.经查,合同实际并未全部执行,分时传媒以此虚增2015年,2016年营业收入分别为7,643,245.37元|虚增2015年,2016年利润分别为7,643,245.37元|2015年7月,西藏大禹与江苏绿能宝融资租赁有限公司签订户外广告发布合同,2015年11月,双方签署媒体替补点位确认单,约定合同金额变更为880.95万元,并按照合同金额确认了销售收入;2015年11月,西藏大禹与绿能宝电子商务(苏州)有限公司签订户外广告发布合同,合同金额为3,800万元,并按照合同金额确认了销售收入.经查,合同实际并未全部执行,分时传煤以此虚增2015年营业收入27,788,576.81元|虚增2015年利润26,474,010.37元|2016年11月,西藏大禹与成都四季营销网络科技有限公司签订户外广告发布合同,合同金额为1,500万元,经查,分时传煤通过跨期确认该合同广告业务收入,虚增2016年营业收入9,296,240.14元|虚增2016年利润9,296,240.14元|2014年虚增营业收入6,196,226.42元|虚增利润6,196,226.42元,虚增利润金额占当期联建光电披露利润总额的3.82%;2015年虚增营业收入36,374,615.98元|虚增利润35,060,049.54元,占当期联建光电披露利润总额的12.97%;2016年虚增营业收入19,216,192.94元|虚增利润19,216,192.94元,占当期联建光电披露利润总额的4.07%.上述行为导致联建光电2014年年度报告,2015年半年度报告,2015年年度报告,2016年半年度报告,2016年年度报告和2017年半年度报告存在虚假记载,涉嫌违反《中华人民共和国证券法》(以下简称《证券法》)第六十三条的规定,构成《证券法》第一百九十三条第一款所述违法行为.根据当事人违法行为的事实,性质,情节和社会危害程度,依据《证券法》第一百九十三条第一款的规定,我局拟决定:一,对联建光电责令改正,给子警告,并处以60万元","营业收入|8月,分时传媒与泸州老窖柒泉小酒酒类销售有限公司(以下简称“柒泉小酒”)签署户外广告发布合同,合同金额为|2014年,2015年营业收入分别为|,2015年利润分别为|2015年,2016年营业收入分别为|,2016年利润分别为|2015年营业收入|利润|2016年营业收入|利润|营业收入|虚增营业收入|虚增营业收入|年度报告,2015年半年度报告,2015年年度报告,2016年半年度报告,2016年年度报告和2017年半年度报告存在虚假记载,涉嫌违反《中华人民共和国证券法》(以下简称《证券法》)第六十三条的规定,构成《证券法》第一百九十三条第一款所述违法行为.根据当事人违法行为的事实,性质,情节和社会危害程度,依据《证券法》第一百九十三条第一款的规定,我局拟决定:一,对联建光电责令改正,给子警告,并处以",2017|2014|2016|2015,
湖北裕国菇业股份有限公司,831036.OC,裕国股份,2016年10月至12月少计提运输费42.28万元|2017年10月至12月，少计提运输费99.26万元,运输费|运输费,2017|2016,
青岛亨达股份有限公司,831687.OC,亨达股份,2014年1月1日至2016年6月30日期间，亨达股份虚假记载专卖店收入3亿元，其中2014年虚增收入0.99亿元|2015年虚增收入1.50亿元|2016年上半年虚增收入0.51亿元|2014年年初，亨达股份即虚增银行存款3.10亿元,收入|收入|收入|银行存款,2014|2016|2015,
江西大华新材料股份有限公司,837763.OC,大华新材,"2016年-2017年多计利润总额9,760,000元",利润总额,2017|2016,
青岛亨达股份有限公司,A11202.SZ,亨达股份(IPO终止),2014年1月1日至2016年6月30日期间，亨达股份虚假记载专卖店收入3亿元，其中2014年虚增收入0.99亿元|2015年虚增收入1.50亿元|2016年上半年虚增收入0.51亿元|2014年年初，亨达股份即虚增银行存款3.10亿元,收入|收入|收入|银行存款,2014|2016|2015,
江苏雅百特科技股份有限公司,002323.SZ,*ST百特,"2018年3月20日和2018年8月31日分别披露《关于前期会计差错更正的公告》，因前期存在虚增收入和利润的行为相应更正2015年度、 2016年半年度报告和2016年第三季度报告相关财务数据，其中对2015年度净利润的调整金额为-1.97亿元|2016年前三季度净利润的调整金额为-6,856.86万元",其中对2015年度净利润的调整金额为-|金额为-,2018|2016|2015,2016年第三季度|2016年前三季度
亚太(集团)会计师事务所(特殊普通合伙),ZS4181.BJE,亚太会所,调整2016年报表而是直接冲减了2017年的营业成本，导致2016年度营业成本多计8226.15万元|少计6169.61万元，2017年度营业成本少计8226.15万元,导致2016年度营业成本多计|营业成本少计,2017|2016,
贵人鸟股份有限公司,603555.SH,贵人鸟,2015年度和2016年度财务报告分别多提坏账准备568.01万元、263.85万元，少计净利润342.24万元|2015年度和2016年度财务报告分别多提坏账准备568.01万元、263.85万元，少计净利润342.24万元,净利润|净利润,2016|2015,
贵人鸟股份有限公司,603555.SHN,贵人鸟(沪股通),2015年度和2016年度财务报告分别多提坏账准备568.01万元、263.85万元，少计净利润342.24万元|2015年度和2016年度财务报告分别多提坏账准备568.01万元、263.85万元，少计净利润342.24万元,净利润|净利润,2016|2015,
湖北美尔雅股份有限公司,600107.SH,美尔雅,"2017年多计提存货跌价准备799,164.95元",存货跌价准备,2017,
福建众和股份有限公司,002070.SZ,*ST众和,"调整增加 2016 年末其他应付款 8,868.17 万元|调整增加 2016 年末应收账款 8,868.17 万元|调整 2016 年财务报表，调减公司 2016 年度合并利润表净利润 1.51 亿元|2016 年第一季度报告、 2016 年半年度报告、 2016 年第三季度报告、2017 年第一季度报告、 2017 年半年度报告中均未按规定足额计提逾期贷款的罚息，导致 2016 年第一季度报告虚增当期净利润 243.51 万元|2016 年半年度报告虚增当期净利润 695.75 万元|2016 年第三季度报告虚增当期净利润 457.21 万元|2017 年第一季度报告虚增当期净利润 447.27 万元|2017 年半年度报告虚增当期净利润 323.55 万元",末其他应付款|末应收账款|调减公司 2016 年度合并利润表净利润|当期净利润|当期净利润|当期净利润|当期净利润|当期净利润,2017|2016,2016 年第一季度|2017 年第一季度|2016 年第三季度
贵州长征天成控股股份有限公司,600112.SH,天成控股,"2017年2月28日，天成控股向为公司提供审计服务的瑞华会计师事务所（以下简称“瑞华所”）提供了合并报表，报表中确认了资产置换事项的投资收益3，387万元，可弥补亏损确认递延所得税资产1，097万元2017年4月9日，瑞华所通过邮件将天成控股的合并报表数据发送给天成控股，这份文件显示天成控股2016年合并净利润亏损9,700万元，其中资产置换事项调减收益3,387．55万元",收益,2017|2016,
贵州长征天成控股股份有限公司,600112.SHN,天成控股(沪股通),"2017年2月28日，天成控股向为公司提供审计服务的瑞华会计师事务所（以下简称“瑞华所”）提供了合并报表，报表中确认了资产置换事项的投资收益3，387万元，可弥补亏损确认递延所得税资产1，097万元2017年4月9日，瑞华所通过邮件将天成控股的合并报表数据发送给天成控股，这份文件显示天成控股2016年合并净利润亏损9,700万元，其中资产置换事项调减收益3,387．55万元",收益,2017|2016,
一铭软件股份有限公司,831266.OC,一铭软件,"2016年“一铭正版软件管理系统V3.0”“一铭服务器操作系统7.0”“一铭桌面操作系统V4.0”等相关销售款项还存在重大不确定性，与产品所有权有关的重要风险和报酬并未转移的情况下，确认对佳电（上海）管理有限公司销售收入，导致一铭软件2016年年报虚增营业收入41,862,777.77元|2017年半年报虚增应收账款36,126,146.50元",营业收入|应收账款,2017|2016,2017年半年报|2016年年报
西藏山南博萌创业投资管理合伙企业(有限合伙),300058.SZ,蓝色光标,2014年11月20日，蓝色光标披露第三届董事会第二十次会议决议公告，称根据李芃等人要求，为激励博杰广告股东及管理层积极性，蓝色光标决定提前向其支付部分调增价款1.15亿元|2014年10月底决定免除李芃担任博杰广告的法定代表人、经理职务，仍在11月20日召开董事会审议通过向李芃等人支付部分调增价款1.15亿元,价款|价款,2014,
北京蓝色光标数据科技股份有限公司,300058.SZ,蓝色光标,2014年11月20日，蓝色光标披露第三届董事会第二十次会议决议公告，称根据李芃等人要求，为激励博杰广告股东及管理层积极性，蓝色光标决定提前向其支付部分调增价款1.15亿元|2014年10月底决定免除李芃担任博杰广告的法定代表人、经理职务，仍在11月20日召开董事会审议通过向李芃等人支付部分调增价款1.15亿元,价款|价款,2014,
厦门三维丝环保股份有限公司,300056.SZ,三维丝,2018 年 4 月 3 日，你司更正了前述错误，调减 2016 年度营业收入9648.69 万元, 2016 年度营业收入,2018|2016,
湖南尔康制药股份有限公司,300267.SZ,尔康制药,"2018年4月25日，尔康制药披露《关于对前期会计差错更正的公告》，2015-2016年度尔康制药通过虚构改性淀粉收入、未确认产品销售退货等方式虚增相应年度营业收入及净利润，其中2015年虚增营业收入1,805.89万元|虚增净利润1,585.97万元；2016年虚增营业收入25,507.52万元",其中2015年虚增营业收入|虚增营业收入,2018|2016|2015,
中兵红箭股份有限公司,000519.SZ,中兵红箭,2015 年度虚增收入 1711.8 万元|2015 年度虚增收入 152.99 万元|2015 年度虚增收入 1864.79 万元|2015 年中南钻石少计提坏账准备 93.7 万元|2016 年多计提 555.99 万元|2014 年至 2015 年虚增利润 93.7 万元|2016 年虚减利润555.99 万元|2015 年度分别虚增利润 93.7 万元|2016 年度虚减利润 555.99 万元,收入|收入|收入|坏账准备||利润|利润|利润|利润,2014|2016|2015,
厦门三维丝环保股份有限公司,300056.SZ,三维丝,"2016年年报时才确认该笔投资收益，导致2016年度一季度报、半年报和三季度报虚减净利润104,264,933.52元|2017年6月8日，三维丝发布《关于会计差错更正的公告》，对2016年度第一季度报告、半年报和第三季度报告会计数据进行更正，将商誉、未分配利润、投资收益、营业利润、利润总额、净利润、归属于上市公司股东的净利润、总资产、归属于上市公司股东的净资产分别调增104,264,933.52元|2016年年报虚增营业收入9,648.69万元",净利润||营业收入,2017|2016,2016年度一季度|2016年年报|2016年度第一季度
厦门市天泉鑫膜科技股份有限公司,430409.OC,天泉鑫膜,2017年度错误冲销对供应商江苏正帆华东净化设备有限公司采购的会计分录，导致“应付账款”“存货”项目虚减36.15万元|2017年末，公司对客户联邦制药（内蒙古）有限公司应收账款余额为179.44万元，其中12.84万元为2017年度新增应收账款，公司将全部余额账龄归为1年内，账龄划分有误，少计提坏账准备8.33万元,|坏账准备,2017,
四川金宇汽车城(集团)股份有限公司,000803.SZ,金宇车城,2018 年 1月才对锅炉外壳予以实地验收，智临电气存在多计 2017 年销售收入、成本、和毛利 292 万元|2017 年年报出现重大会计差错， 多计 2017 年末总资产 738.23 万元|多计归属母公司股东的净资产 489.91 万元，多计 2017 年度营业收入 292.91 万元,和毛利| 2017 年末总资产|营业收入,2018|2017,2017 年年报
山西澳坤生物农业股份有限公司,831836.OC,澳坤生物,2016年年报调减应收账款4000万元|少计提坏账准备800万元，调增利润总额800万元，占当期披露利润总额的36.51%；2017年年报调减应收款4000万元,应收账款|年报调减应收款,2017|2016,2016年年报|2017年年报
常州天晟新材料股份有限公司,300169.SZ,天晟新材,2018年4月28日，天晟新材披露《关于前期会计差错更正及追溯调整的公告》，因对2013年度至2016年度计提递延所得税资产依据的未来期间产生应纳税所得额估计证据不充分，天晟新材按照追溯重述法进行了更正，其中2015年度净利润由2344.87万元,其中2015年度净利润由,2018|2013|2016|2015,
宜宾市民生冷链股份有限公司,835479.OC,ST民生冷,2017年6月19日，长宁县人民法院就四川长宁竹海农村商业银行股份有限公司与王兰、赵杰、吴锐锐、付雪梅、陈家珍、余学莲、樊岳红、岳树云、范国群合同借款纠纷案作民事调解裁定，根据《民事调解书》公司作为第三人自愿对吴锐锐、付雪梅的给付义务承担连带给付责任，涉及本金150万元|2017年6月20日，长宁县人民法院就四川长宁竹海农村商业银行股份有限公司与王兰，赵杰，魏锡荣、关远政借款合同纠纷案作出民事调解裁定，根据《民事调解书》公司作为第三人自愿与王兰、赵杰共同承担还款责任，涉及本金60万元,涉及本金|涉及本金,2017,
山西三维集团股份有限公司,000755.SZ,山西路桥,"2016年间，山西三维将部分不符合收入确认条件的贸易业务收入予以确认，公司以上年度分别虚增收入165,843,061.44元",收入,2016,
华西证券股份有限公司,002926.SZ,华西证券,2016年6月27日调拨给江西顺风光电投资有限公司3952万元,给江西顺风光电投资有限公司,2016,
大民种业股份有限公司,835626.OC,ST大民,"2018年3月26日，甘肃省张掖市中级人民法院（以下简称“甘肃张掖中院”）作出《民事调解书》，华元神谷于2018年5月30日前一次性偿还农行张掖分行借款本金13,354,344.11元",华元神谷于2018年5月30日前一次性偿还农行张掖分行借款本金,2018,
上海普天邮通科技股份有限公司,600680.SH,*ST上普,2014年度利润缺口、完成利润指标于2014年9月至11月与上海晟飞商贸有限公司、深圳巴斯巴科技发展有限公司之间进行2笔3方贸易，虚增营业收入1783.12万元|虚增利润总额134.73万元；2014年11月，公司又与上海成雨能源科技有限公司、上海中瀚企业发展有限公司之间进行1笔3方贸易，虚增营业收入2478.63万元|2014年度虚增营业收入总计4261.75万元|虚增利润总额998.4万元，公司2014年度合并财务报表利润总额为1354.96万元,营业收入|虚增营业收入|营业收入总计|合并财务报表利润总额为,2014,
上海普天邮通科技股份有限公司,900930.SH,*ST沪普B,2014年度利润缺口、完成利润指标于2014年9月至11月与上海晟飞商贸有限公司、深圳巴斯巴科技发展有限公司之间进行2笔3方贸易，虚增营业收入1783.12万元|虚增利润总额134.73万元；2014年11月，公司又与上海成雨能源科技有限公司、上海中瀚企业发展有限公司之间进行1笔3方贸易，虚增营业收入2478.63万元|2014年度虚增营业收入总计4261.75万元|虚增利润总额998.4万元，公司2014年度合并财务报表利润总额为1354.96万元,营业收入|虚增营业收入|营业收入总计|合并财务报表利润总额为,2014,
五五海淘(上海)科技股份有限公司,871840.OC,五五海淘,"2017年8月25日至2018年7月13日对公司2015年1月1日至2016年12月31日的涉税情况进行了检查，发现公司存在违法事实及处理决定如下：.62元，2016年136,830.39元),应补缴增值税151,292.01元，应调减应纳税所得额151,292.01元|调增2015年应纳税所得额583,510.50元|调增2016年应纳税所得额1,073,876.40元|2015年至2016年期间，赠送实物类礼品，金额108,749.03（含税），按照规定应视同销售，应补缴增值税12,147.74元，调增应纳税所得额71,457.29元|调增所得额77,147.55元，企业所得税汇算清缴已调增38,507.70元，应调增2015年度应纳税所得额12,066.26元|调增2016年应纳税所得额26,573.59元|2016年期间，以白条列支费用合计173,480.10元（计入“销售费用”153,974.10元，“管理费用”19,506.00元），应调增2015年应纳税所得额49,006.00元|调增2016年应纳税所得额124,474.10元|调增2015年应纳税所得额5,000,000.00元|调增2016年应纳税所得额7,351,789.76元",应纳税所得额|应纳税所得额|应纳税所得额|应纳税所得额|应纳税所得额|应纳税所得额|2015年应纳税所得额|应纳税所得额|应纳税所得额|应纳税所得额,2017|2016|2018|2015,
广东风华高新科技股份有限公司,000636.SZ,风华高科,"2016年度归属于上市公司股东的净利润及留存收益因此调5,279.55万元",,2016,
贵州轮胎股份有限公司,000589.SZ,黔轮胎A,2018年4月3日，公司披露《关于2017年度业绩亏损的提示性公告》显示，因公司决定到越南投资建设年产120万条全钢子午线轮胎项目，对老厂区整体搬迁计划进行重大调整，导致公司与贵阳云岩产业投资开发有限责任公司签订的《房屋整体搬迁货币补偿协议》不能履行，公司决定终止执行；由此造成原归集的搬迁损失转为经营费用，对公司2017年度业绩产生重大影响，预计2017年度归属于上市公司股东的净利润为亏损2.4亿元,预计2017年度归属于上市公司股东的净利润为亏损,2018|2017,
正源控股股份有限公司,100039.CDE,国栋建设,2016年年报因重大会计差错追溯调整，导致公司当年由盈利415.61万元,导致公司当年由盈利,2016,2016年年报
正源控股股份有限公司,600321.SH,*ST正源,2016年年报因重大会计差错追溯调整，导致公司当年由盈利415.61万元,导致公司当年由盈利,2016,2016年年报
正源控股股份有限公司,600321.SHN,*ST正源(沪股通),2016年年报因重大会计差错追溯调整，导致公司当年由盈利415.61万元,导致公司当年由盈利,2016,2016年年报
重庆梅安森科技股份有限公司,300275.SZ,梅安森,"调减2016年度净利润1,330.62万元|调增2017年一季度、半年度和前三季度净利润金额1,330.62万元",净利润|半年度和前三季度净利润金额,2017|2016,2017年一季度
东方时代网络传媒股份有限公司,002175.SZ,东方网络,2017年第三季度报告披露预计2017年度净利润6500万元至8500万元，同比增长6.26%至38.96%；2018年1月31日发布的2017年度业绩修正公告披露预计净利润调整为1500万元|2017年年报中调减了上述2400万元|2017年年报中分别调减该两个项目随片广告收入528.26万元|2017年前三季度财务数据，分别调减2017年1-3月、1-6月和1-9月营业收入3867.92万元|调减2017年1-3月、1-6月和1-9月归属于上市公司股东的净利润1822.23万元,为|了上述|该两个项目随片广告收入|1-6月和1-9月营业收入|1-6月和1-9月归属于上市公司股东的净利润,2017|2018,2017年年报|2017年前三季度|2017年第三季度
武汉银都文化传媒股份有限公司,430230.OC,银都传媒,"2014年年度虚增主营业务收入2014年，银都传媒与河南金龟子、四川嘉骐、长春新林、深圳知友、海口美兰求知宏等5家公司签订没有真实业务往来的《动画短片制作合同》或《企业动画形象设计合同》，并依据相关合同确认收入，分别虚增主营业务收入5,786,407.77元|虚增主营业务收入12,900,000.02元，占银都传媒2014年年度报告披露的主营业务收入金额（31,235,563.49元|2015年年度报告虚增主营业务收入2015年，银都传媒与河南金龟子、四川嘉骐、长春新林、深圳知友、海口美兰求知宏、南京精华、天津永盛堂、北京通宇嘉作等8家公司签订没有真实业务往来的《动画短片制作合同》《企业动画形象设计合同》或《虚拟现实技术应用合作合同》，并依据相关合同确认收入，分别虚增主营业务收入4,611,650.49元|虚增主营业务收入31,397,508.47元，占银都传媒2015年年度报告披露的主营业务收入金额（52,467,796.89元|2016年半年报虚增主营业务收入2016年上半年，银都传媒通过虚构河南金龟子、四川嘉骐、长春新林、深圳知友、海口美兰求知宏、南宁精华等6家公司签订没有真实业务往来的《动画短片制作合同》或《企业动画形象设计合同》，并依据相关合同确认收入，分别虚增主营业务收入1,876,699.03元|虚增主营业务收入10,517,475.78万元，占银都传媒2016年半年度报告披露的主营业务收入金额（17,470,365.73元",分别虚增主营业务收入|年度报告披露的主营业务收入金额（|分别虚增主营业务收入|年度报告披露的主营业务收入金额（|分别虚增主营业务收入|半年度报告披露的主营业务收入金额（,2014|2016|2015,2016年半年报
广东温迪数字传播股份有限公司,831975.OC,温迪数字,"2015年年度报告虚增应收账款、营业收入、营业利润2015年，温迪数字以将未实际履行的合同确认收入的方式虚构营业收入，导致2015年年度报告虚增应收账款1,850万元|2016年半年度报告虚增应收账款、营业收入、营业利润2016年上半年，温迪数字以将未实际履行的合同确认收入的方式虚构营业收入，导致2016年半年度报告虚增应收账款3,583.33万元",导致2015年年度报告虚增应收账款|导致2016年半年度报告虚增应收账款,2016|2015,
山东新绿食品股份有限公司,834632.OC,ST新绿,2015年年度报告存在虚假记载（1）虚增2015年主营业务收入；（2）虚增期末固定资产原值2728万元,2015年主营业务收入；（2）虚增期末固定资产原值,2015,
南京普天通信股份有限公司,200468.SZ,宁通信B,2017年运输费、会计差错调整等财务核算存在不符合会计准则的情形，累计影响2014年度-2017年度归属于上市公司股东的净利润分别为-150.45万元,累计影响2014年度-2017年度归属于上市公司股东的净利润分别为-,2017|2014,
安阳钢铁集团有限责任公司,600569.SH,安阳钢铁,2017年7月29日，安钢集团官方网站发布召开7月份大型调度会信息，提及安钢集团7月份单月盈利预计实现3亿元,提及安钢集团7月份单月盈利预计实现,2017,
安阳钢铁股份有限公司,600569.SH,安阳钢铁,2017年7月29日，安钢集团官方网站发布召开7月份大型调度会信息，提及安钢集团7月份单月盈利预计实现3亿元,提及安钢集团7月份单月盈利预计实现,2017,
福建建润电子科技股份有限公司,870476.OC,建润电子,"2015年度，存在不符合税前扣除规定的费用，应纳税所得额应分别调增27,000.00元",,2015,
天津学大教育信息咨询有限公司,000526.SZ,紫光学大,"2013年企业所得税汇算清缴时未调整应纳税所得额1,220,988元",应纳税所得额,2013,
湖南尔康制药股份有限公司,300267.SZ,尔康制药,"2015年涉嫌虚增营业收入18,058,880.00元|2016年涉嫌虚增营业收入255,075,191.84元",营业收入|营业收入,2016|2015,
贝因美婴童食品股份有限公司,002570.SZ,*ST因美,2017年度业绩时对存货跌价准备、应收账款坏账准备、预计负债的计提不够审慎，比2017年年报少计提约3亿元,约,2017,2017年年报
福建众和股份有限公司,002070.SZ,*ST众和,2016年第一季度报告、2016年度半年度报告、2016年第三季度报告、2017年第一季度报告、2017年半年度报告中未按规定计提逾期贷款的罚息，导致2016年第一季度报告少计提罚息344.61万元|虚增归属于上市公司股东的当期净利润243.51万元，虚增比例53.27%；2016年度半年度报告少计提罚息984.6万元|虚增归属于上市公司股东的当期净利润695.75万元，虚增比例22.29%；2016年第三季度报告（2016年7月至9月）少计提罚息647.03万元|虚增归属于上市公司股东的当期净利润457.21万元，虚增比例22.36%；2017年第一季度报告少计提罚息632.96万元|虚增归属于上市公司股东的当期净利润447.27万元，虚增比例28.91%；2017年半年度报告少计提罚息457.88万元,罚息|半年度报告少计提罚息|第三季度报告（2016年7月至9月）少计提罚息|第一季度报告少计提罚息|半年度报告少计提罚息,2017|2016,2016年第三季度|2016年第一季度|2017年第一季度
宁波圣莱达电器股份有限公司,002473.SZ,*ST圣莱,2015年度虚构影视版权转让业务，虚增2015年度收入和利润1000万，虚增净利润750万元|2015年12月29日，圣莱达与华视友邦签订调解协议书，约定华视友邦于2016年2月29日前向圣莱达支付4000万元|2015年度虚构财政补助事项，虚增2015年度收入和利润1000万元|虚增利润，胡宜东与镇政府协商约定：慈城镇政府提前将2016年宁波金阳光可能得到的1000万元|2015年度年报虚增收入和利润2000万元|虚增的2000万元利润，圣莱达2015年实际利润总额为-1632.85万元|虚增的净利润1500万元，圣莱达2015年实际净利润为-1068.57万元,虚增净利润|约定华视友邦于2016年2月29日前向圣莱达支付|2015年度收入和利润|宁波金阳光可能得到的|收入和利润|实际利润总额为-|实际净利润为-,2016|2015,2015年度年报
沈机集团昆明机床股份有限公司,400068.OC,昆机3,"2013年至2015年，公司通过跨期确认收入、虚计收入和虚增合同价格3种方式虚增收入483,080,163.99元|2013年至2014年，公司还在与部分客户签订合同后通过单边虚增合同价格的方式虚增收入2,105,786.33元|2013年公司虚增合同价格1,485,581.20元|2014年虚增合同价格620,205.13元|2013年至2015年，公司通过跨期确认收入、虚计收入和虚增合同价格3种方式虚增收入共计483,080,163.99元|2013年虚增收入200,106,213.92元|2014年虚增收入121,309,854.58元|2015年虚增收入161,664,095.50元|2013年至2015年，公司通过少计提辞退福利和高管薪酬的方式虚增利润29,608,616.03元|2013年公司实际有内退人员143人，应当计管理费用6,553,232.16元，但财务记录内退人员131人，计入管理费用5,373,902.10元，少计12人，少计管理费用1,179,330.06元|2014年公司实际有内退人员225人，应当计管理费用19,264,460.57元，但财务记录内退人员123人，计入管理费用8,185,458.83元，少计102人，少计管理费用11,079,001.74元|2015年公司实际有内退人员289人，应当计管理费用21,337,006.61元，但财务记录内退人员120人，计入管理费用7,109,273.09元，少计169人，少计管理费用14,227,733.52元|2014年少计专项奖励1,000,000元|少计管理费用1,000,000元；2015年少计基本年薪及专项奖励共2,122,550.71元|2013年至2015年，公司通过少计提辞退福利和高管薪酬的方式少计管理费用29,608,616.03元|2013年少计辞退福利1,179,330.06元|少计1,179,330.06元，虚增利润1,179,330.06元；2014年少计辞退福利11,079,001.74元|少计高管薪酬1,000,000元，导致管理费用少计12,079,001.74元，虚增利润12,079,001.74元；2015年少计辞退福利14,227,733.52元|2013年多计成本120,871,685.64元|2014年多计成本69,014,625.10元|2015年多计成本45,385,341.82元|2013年少计存货120,871,685.64元|2014年少计存货184,926,310.72元|2015年少计存货200,187,329.50元|2013年至2015年，公司通过上述财务造假行为虚增收入483,080,163.99元|2013年虚增利润70,179,444.39元|虚增利润占公开披露的当期利润总额的706.21%，公司在2013年年度报告中将亏损披露为盈利；2014年虚增利润50,827,156.90元|2015年虚增利润107,094,477.44元",合同价格3种方式虚增收入|合同价格的方式虚增收入|合同价格|合同价格|合同价格3种方式虚增收入共计|收入|收入|收入|辞退福利和高管薪酬的方式虚增利润|少计管理费用|少计管理费用|少计管理费用|专项奖励|少计基本年薪及专项奖励共|辞退福利和高管薪酬的方式少计管理费用|辞退福利|少计辞退福利|少计辞退福利|成本|成本|成本|存货|存货|存货|收入|利润|年度报告中将亏损披露为盈利；2014年虚增利润|利润,2014|2013|2015,
沈机集团昆明机床股份有限公司,600806.SH,退市昆机(退市),"2013年至2015年，公司通过跨期确认收入、虚计收入和虚增合同价格3种方式虚增收入483,080,163.99元|2013年至2014年，公司还在与部分客户签订合同后通过单边虚增合同价格的方式虚增收入2,105,786.33元|2013年公司虚增合同价格1,485,581.20元|2014年虚增合同价格620,205.13元|2013年至2015年，公司通过跨期确认收入、虚计收入和虚增合同价格3种方式虚增收入共计483,080,163.99元|2013年虚增收入200,106,213.92元|2014年虚增收入121,309,854.58元|2015年虚增收入161,664,095.50元|2013年至2015年，公司通过少计提辞退福利和高管薪酬的方式虚增利润29,608,616.03元|2013年公司实际有内退人员143人，应当计管理费用6,553,232.16元，但财务记录内退人员131人，计入管理费用5,373,902.10元，少计12人，少计管理费用1,179,330.06元|2014年公司实际有内退人员225人，应当计管理费用19,264,460.57元，但财务记录内退人员123人，计入管理费用8,185,458.83元，少计102人，少计管理费用11,079,001.74元|2015年公司实际有内退人员289人，应当计管理费用21,337,006.61元，但财务记录内退人员120人，计入管理费用7,109,273.09元，少计169人，少计管理费用14,227,733.52元|2014年少计专项奖励1,000,000元|少计管理费用1,000,000元；2015年少计基本年薪及专项奖励共2,122,550.71元|2013年至2015年，公司通过少计提辞退福利和高管薪酬的方式少计管理费用29,608,616.03元|2013年少计辞退福利1,179,330.06元|少计1,179,330.06元，虚增利润1,179,330.06元；2014年少计辞退福利11,079,001.74元|少计高管薪酬1,000,000元，导致管理费用少计12,079,001.74元，虚增利润12,079,001.74元；2015年少计辞退福利14,227,733.52元|2013年多计成本120,871,685.64元|2014年多计成本69,014,625.10元|2015年多计成本45,385,341.82元|2013年少计存货120,871,685.64元|2014年少计存货184,926,310.72元|2015年少计存货200,187,329.50元|2013年至2015年，公司通过上述财务造假行为虚增收入483,080,163.99元|2013年虚增利润70,179,444.39元|虚增利润占公开披露的当期利润总额的706.21%，公司在2013年年度报告中将亏损披露为盈利；2014年虚增利润50,827,156.90元|2015年虚增利润107,094,477.44元",合同价格3种方式虚增收入|合同价格的方式虚增收入|合同价格|合同价格|合同价格3种方式虚增收入共计|收入|收入|收入|辞退福利和高管薪酬的方式虚增利润|少计管理费用|少计管理费用|少计管理费用|专项奖励|少计基本年薪及专项奖励共|辞退福利和高管薪酬的方式少计管理费用|辞退福利|少计辞退福利|少计辞退福利|成本|成本|成本|存货|存货|存货|收入|利润|年度报告中将亏损披露为盈利；2014年虚增利润|利润,2014|2013|2015,
沈机集团昆明机床股份有限公司,600806.SHN,退市昆机(沪股通)(退市),"2013年至2015年，公司通过跨期确认收入、虚计收入和虚增合同价格3种方式虚增收入483,080,163.99元|2013年至2014年，公司还在与部分客户签订合同后通过单边虚增合同价格的方式虚增收入2,105,786.33元|2013年公司虚增合同价格1,485,581.20元|2014年虚增合同价格620,205.13元|2013年至2015年，公司通过跨期确认收入、虚计收入和虚增合同价格3种方式虚增收入共计483,080,163.99元|2013年虚增收入200,106,213.92元|2014年虚增收入121,309,854.58元|2015年虚增收入161,664,095.50元|2013年至2015年，公司通过少计提辞退福利和高管薪酬的方式虚增利润29,608,616.03元|2013年公司实际有内退人员143人，应当计管理费用6,553,232.16元，但财务记录内退人员131人，计入管理费用5,373,902.10元，少计12人，少计管理费用1,179,330.06元|2014年公司实际有内退人员225人，应当计管理费用19,264,460.57元，但财务记录内退人员123人，计入管理费用8,185,458.83元，少计102人，少计管理费用11,079,001.74元|2015年公司实际有内退人员289人，应当计管理费用21,337,006.61元，但财务记录内退人员120人，计入管理费用7,109,273.09元，少计169人，少计管理费用14,227,733.52元|2014年少计专项奖励1,000,000元|少计管理费用1,000,000元；2015年少计基本年薪及专项奖励共2,122,550.71元|2013年至2015年，公司通过少计提辞退福利和高管薪酬的方式少计管理费用29,608,616.03元|2013年少计辞退福利1,179,330.06元|少计1,179,330.06元，虚增利润1,179,330.06元；2014年少计辞退福利11,079,001.74元|少计高管薪酬1,000,000元，导致管理费用少计12,079,001.74元，虚增利润12,079,001.74元；2015年少计辞退福利14,227,733.52元|2013年多计成本120,871,685.64元|2014年多计成本69,014,625.10元|2015年多计成本45,385,341.82元|2013年少计存货120,871,685.64元|2014年少计存货184,926,310.72元|2015年少计存货200,187,329.50元|2013年至2015年，公司通过上述财务造假行为虚增收入483,080,163.99元|2013年虚增利润70,179,444.39元|虚增利润占公开披露的当期利润总额的706.21%，公司在2013年年度报告中将亏损披露为盈利；2014年虚增利润50,827,156.90元|2015年虚增利润107,094,477.44元",合同价格3种方式虚增收入|合同价格的方式虚增收入|合同价格|合同价格|合同价格3种方式虚增收入共计|收入|收入|收入|辞退福利和高管薪酬的方式虚增利润|少计管理费用|少计管理费用|少计管理费用|专项奖励|少计基本年薪及专项奖励共|辞退福利和高管薪酬的方式少计管理费用|辞退福利|少计辞退福利|少计辞退福利|成本|成本|成本|存货|存货|存货|收入|利润|年度报告中将亏损披露为盈利；2014年虚增利润|利润,2014|2013|2015,
宁夏凯添燃气发展股份有限公司,831010.OC,凯添燃气,"2015年公司内部审计调减销售收入17,236,705.65元|调增2015年应纳税所得额4,595,777.49元|2012年至2015年购进货物用于非增值税应税项目转出进项税额，应逐年调增营业成本2,158,712.62元|调减应纳税所得额2012年937,518.11元|2012年应调减应纳税所得额937,518.11元|2013年应调减应纳税所得额642,703.03元|2014年应调减应纳税所得额297,489.84元|2015年应调增应纳税所得额4,314,775.75元|2012年申报应纳税所得额5,181,422.28元，检查调整后所得为4,243,904.17元|2013年申报应纳税所得额7,746,178.62元，检查调整后所得为7,103,475.59元|2014年申报应纳税所得额12,714,452.18元，检查调整后所得为12,416,962.34元|2015年申报应纳税所得额19,835,375.87元，检查调整后所得为24,150,151.62元",销售收入|应纳税所得额|营业成本||应纳税所得额|应纳税所得额|应纳税所得额|应纳税所得额|后所得为|后所得为|后所得为|后所得为,2012|2013|2015|2014,
北京品今资本管理股份有限公司,831362.OC,品今股份,"调增2016年度合并净利润5,733,571.18元|调整前2016年合并净利润-4,449,353.59元|调整后2016年合并净利润1,284,217.59元|调减2016年期末净资产86,414,400.00元",合并净利润|合并净利润-|合并净利润|期末净资产,2016,
安徽新力金融股份有限公司,600318.SH,新力金融,"少计提2015年度减值准备30,225,000元|虚增2015年利润30,225,000元|2015年12月，公司将德润租赁当期收到淮南荣胜支付的属于2014年度的利息22,323,287.68元、2015年1-4月（公司受让德润租赁等资产前）利息13,200,000元计入当期收入，分别虚增2015年度营业收入和利润35,523,287.68元|2015年年报虚增营业收入35,523,287.68元|2015年度营业收入的2.59%，虚增利润65,748,287.68元",减值准备|利润|2015年度营业收入和利润|营业收入|利润,2014|2015,2015年年报
安徽新力金融股份有限公司,600318.SHN,新力金融(沪股通),"少计提2015年度减值准备30,225,000元|虚增2015年利润30,225,000元|2015年12月，公司将德润租赁当期收到淮南荣胜支付的属于2014年度的利息22,323,287.68元、2015年1-4月（公司受让德润租赁等资产前）利息13,200,000元计入当期收入，分别虚增2015年度营业收入和利润35,523,287.68元|2015年年报虚增营业收入35,523,287.68元|2015年度营业收入的2.59%，虚增利润65,748,287.68元",减值准备|利润|2015年度营业收入和利润|营业收入|利润,2014|2015,2015年年报
广州凯盛电子科技股份有限公司,837235.OC,凯盛股份(退市),2016年3月以来，你公司存在私下使用广州市黄埔区伟进家电经营部开立的银行账户代公司支付部分管理人员薪酬的行为，经查，2016年3月至2017年2月，你公司通过账外支付的公司2016年职工薪酬累计为567.53万元，受上述账外经营行为的影响，你公司2016年年度报告少计管理费用567.53万元,管理费用,2017|2016,
上海中毅达股份有限公司,600610.SH,*ST毅达,"2015年7月至9月，中毅达全资子公司厦门中毅达环境艺术工程有限公司(以下简称厦门中毅达)在未实施任何工程的情况下，以完工百分比法累计确认了井冈山国际山地自行车赛道景观配套项目的工程收入7,267万元、成本5,958.94万元和营业税金244.17万元，导致中毅达2015年三季报涉嫌虚增营业收入7,267万元",营业收入,2015,2015年三季报
上海中毅达股份有限公司,900906.SH,*ST毅达B,"2015年7月至9月，中毅达全资子公司厦门中毅达环境艺术工程有限公司(以下简称厦门中毅达)在未实施任何工程的情况下，以完工百分比法累计确认了井冈山国际山地自行车赛道景观配套项目的工程收入7,267万元、成本5,958.94万元和营业税金244.17万元，导致中毅达2015年三季报涉嫌虚增营业收入7,267万元",营业收入,2015,2015年三季报
上海普天邮通科技股份有限公司,600680.SH,*ST上普,2014年度利润缺口、完成利润指标，2014年9月至11月，与上海晟飞商贸有限公司（以下简称晟飞商贸）、深圳巴斯巴科技发展有限公司（以下简称深圳巴斯巴）之间进行2笔三方贸易，虚增营业收入1783.12万元|虚增利润总额134.73万元；2014年11月，与上海成雨能源科技有限公司（以下简称成雨能源）、上海中瀚企业发展有限公司（以下简称中瀚企业）之间进行1笔三方贸易，虚增营业收入2478.63万元|2014年度虚增营业收入4261.75万元|虚增利润总额998.4万元，占上海普天2014年度合并财务报表利润总额1354.96万元,营业收入|虚增营业收入|营业收入|合并财务报表利润总额,2014,
上海普天邮通科技股份有限公司,900930.SH,*ST沪普B,2014年度利润缺口、完成利润指标，2014年9月至11月，与上海晟飞商贸有限公司（以下简称晟飞商贸）、深圳巴斯巴科技发展有限公司（以下简称深圳巴斯巴）之间进行2笔三方贸易，虚增营业收入1783.12万元|虚增利润总额134.73万元；2014年11月，与上海成雨能源科技有限公司（以下简称成雨能源）、上海中瀚企业发展有限公司（以下简称中瀚企业）之间进行1笔三方贸易，虚增营业收入2478.63万元|2014年度虚增营业收入4261.75万元|虚增利润总额998.4万元，占上海普天2014年度合并财务报表利润总额1354.96万元,营业收入|虚增营业收入|营业收入|合并财务报表利润总额,2014,
金亚科技股份有限公司,300028.SZ,金亚科技,"2014年年报虚增利润总额80,495,532.40元|2014年年报合并财务报表共计虚增营业收入73,635,141.10元|2014年年报虚增银行存款217,911,835.55元|2014年末，金亚科技中国工商银行成都高新西部园区支行账户银行日记账余额为219,301,259.06元，银行流水余额为1,389,423.51元，该账户虚增银行存款217,911,835.55元",利润总额|营业收入|银行存款|银行存款,2014,2014年年报
汕头市金森源化工股份有限公司,832158.OC,金森源,2015年年报少计营业收入220.49万元|少计营业成本199.90万元、少计销售费用3.4万元、少计管理费用4.5万元、少计财务费用2万元；2016年年报少计营业收入30.18万元,营业收入|年报少计营业收入,2016|2015,2016年年报|2015年年报
武汉凡谷电子技术股份有限公司,002194.SZ,*ST凡谷,"2016年半年度报告虚假信息披露武汉凡谷2016年4月至6月少计了自制半成品的领用，由此导致公司2016年半年度报告合并报表虚增营业利润15,595,879.52元|2016年第三季度报告虚假信息披露武汉凡谷2016年4月至9月少计了自制半成品的领用，由此导致公司2016年第三季度报告合并报表虚增营业利润38,106,460.58元",由此导致公司2016年半年度报告合并报表虚增营业利润|由此导致公司2016年第三季度报告合并报表虚增营业利润,2016,2016年第三季度
北京市金龙腾装饰股份有限公司,831222.OC,金龙腾,"调减2015年资产59,206,356.82元",资产,2015,
沈机集团昆明机床股份有限公司,400068.OC,昆机3,"2013年至2015年通过跨期确认收入、虚计收入和虚增合同价格三种方式虚增收入483,080,163.99元|2013年至2014年，昆明机床还通过虚增合同价格的方式虚增收入2,105,786.33元|虚增合同价格，其中，2013年昆明机床虚增合同价格1,485,581.20元|2014年虚增合同价格620,205.13元|2013年至2015年通过跨期确认收入，虚计收入和虚增合同价格三种方式虚增收入共计483,080,163.99元|2013年虚增收入200,106,213.92元|2014年虚增收入121,309,854.58元|2015年虚增收入161,664,095.50元|2013年至2015年通过少计提辞退福利和高管薪酬的方式虚增利润29,608,616.03元|2013年昆明机床实际有内退人员143人，应当计管理费用6,553,232.16元，但财务记录内退人员131人，计入管理费用5,373,902.10元，少计12人，少计管理费用1,179,330.06元|2014年昆明机床实际有内退人员225人，应当计管理费用19,264,460.57元，但财务记录内退人员123人，计入管理费用8,185,458.83元，少计102人，少计管理费用11,079,001.74元|2015年昆明机床实际有内退人员289人，应当计管理费用21,337,006.61元，但财务记录内退人员120人，计入管理费用7,109,273.09元，少计169人，少计管理费用14,227,733.52元|2015年3月29日通过了高管人员2014年度薪酬考评方案，2016年3月30日通过了公司高管人员2015年度薪酬考评方案，昆明机床应当按照考评方案计提当年高管薪酬，但财务未予全部计提，2014年少计专项奖励1,000,000元|少计管理费用1,000,000元；2015年少计基本年薪及专项奖励共2,122,550.71元|2013年至2015年，昆明机床通过少计提辞退福利和高管薪酬的方式少计管理费用29,608,616.03元|2013年少计辞退福利1,179,330.06元|少计1,179,330.06元，虚增利润1,179,330.06元；2014年少计辞退福利11,079,001.74元|少计高管薪酬1,000,000元，导致管理费用少计12,079,001.74元，虚增利润12,079,001.74元；2015年少计辞退福利14,227,733.52元|2013年至2015年年度报告中披露的存货数据存在虚假记载2013年至2015年，昆明机床通过设置账外产成品库房、虚构生产业务、虚假降低实际产品制造成本等方式，多计各期营业成本，少计各年度期末存货，三年间累计多计成本235,272,252.56元|2013年多计成本120,871,685.64元|2014年多计成本69,014,625.10元|2015年多计成本45,385,341.82元|少计存货505,985,325.86元，其中2013年少计存货120,871,685.64元|2014年少计存货184,926,310.72元|2015年少计存货200,187,329.50元|2013年至2015年，昆明机床通过上述财务造假行为虚增收入483,080,163.99元|2013年虚增利润70,179,444.39元|虚增利润占公开披露的当期利润总额的706.21％，昆明机床在2013年年度报告中将亏损披露为盈利；2014年虚增利润50,827,156.90元|2015年虚增利润107,094,477.44元",合同价格三种方式虚增收入|合同价格的方式虚增收入|昆明机床虚增合同价格|合同价格|合同价格三种方式虚增收入共计|收入|收入|收入|辞退福利和高管薪酬的方式虚增利润|少计管理费用|少计管理费用|少计管理费用|专项奖励|少计基本年薪及专项奖励共|辞退福利和高管薪酬的方式少计管理费用|辞退福利|少计辞退福利|少计辞退福利|三年间累计多计成本|成本|成本|成本|少计存货|存货|存货|收入|利润|年度报告中将亏损披露为盈利；2014年虚增利润|利润,2014|2013|2016|2015,
沈机集团昆明机床股份有限公司,600806.SH,退市昆机(退市),"2013年至2015年通过跨期确认收入、虚计收入和虚增合同价格三种方式虚增收入483,080,163.99元|2013年至2014年，昆明机床还通过虚增合同价格的方式虚增收入2,105,786.33元|虚增合同价格，其中，2013年昆明机床虚增合同价格1,485,581.20元|2014年虚增合同价格620,205.13元|2013年至2015年通过跨期确认收入，虚计收入和虚增合同价格三种方式虚增收入共计483,080,163.99元|2013年虚增收入200,106,213.92元|2014年虚增收入121,309,854.58元|2015年虚增收入161,664,095.50元|2013年至2015年通过少计提辞退福利和高管薪酬的方式虚增利润29,608,616.03元|2013年昆明机床实际有内退人员143人，应当计管理费用6,553,232.16元，但财务记录内退人员131人，计入管理费用5,373,902.10元，少计12人，少计管理费用1,179,330.06元|2014年昆明机床实际有内退人员225人，应当计管理费用19,264,460.57元，但财务记录内退人员123人，计入管理费用8,185,458.83元，少计102人，少计管理费用11,079,001.74元|2015年昆明机床实际有内退人员289人，应当计管理费用21,337,006.61元，但财务记录内退人员120人，计入管理费用7,109,273.09元，少计169人，少计管理费用14,227,733.52元|2015年3月29日通过了高管人员2014年度薪酬考评方案，2016年3月30日通过了公司高管人员2015年度薪酬考评方案，昆明机床应当按照考评方案计提当年高管薪酬，但财务未予全部计提，2014年少计专项奖励1,000,000元|少计管理费用1,000,000元；2015年少计基本年薪及专项奖励共2,122,550.71元|2013年至2015年，昆明机床通过少计提辞退福利和高管薪酬的方式少计管理费用29,608,616.03元|2013年少计辞退福利1,179,330.06元|少计1,179,330.06元，虚增利润1,179,330.06元；2014年少计辞退福利11,079,001.74元|少计高管薪酬1,000,000元，导致管理费用少计12,079,001.74元，虚增利润12,079,001.74元；2015年少计辞退福利14,227,733.52元|2013年至2015年年度报告中披露的存货数据存在虚假记载2013年至2015年，昆明机床通过设置账外产成品库房、虚构生产业务、虚假降低实际产品制造成本等方式，多计各期营业成本，少计各年度期末存货，三年间累计多计成本235,272,252.56元|2013年多计成本120,871,685.64元|2014年多计成本69,014,625.10元|2015年多计成本45,385,341.82元|少计存货505,985,325.86元，其中2013年少计存货120,871,685.64元|2014年少计存货184,926,310.72元|2015年少计存货200,187,329.50元|2013年至2015年，昆明机床通过上述财务造假行为虚增收入483,080,163.99元|2013年虚增利润70,179,444.39元|虚增利润占公开披露的当期利润总额的706.21％，昆明机床在2013年年度报告中将亏损披露为盈利；2014年虚增利润50,827,156.90元|2015年虚增利润107,094,477.44元",合同价格三种方式虚增收入|合同价格的方式虚增收入|昆明机床虚增合同价格|合同价格|合同价格三种方式虚增收入共计|收入|收入|收入|辞退福利和高管薪酬的方式虚增利润|少计管理费用|少计管理费用|少计管理费用|专项奖励|少计基本年薪及专项奖励共|辞退福利和高管薪酬的方式少计管理费用|辞退福利|少计辞退福利|少计辞退福利|三年间累计多计成本|成本|成本|成本|少计存货|存货|存货|收入|利润|年度报告中将亏损披露为盈利；2014年虚增利润|利润,2014|2013|2016|2015,
沈机集团昆明机床股份有限公司,600806.SHN,退市昆机(沪股通)(退市),"2013年至2015年通过跨期确认收入、虚计收入和虚增合同价格三种方式虚增收入483,080,163.99元|2013年至2014年，昆明机床还通过虚增合同价格的方式虚增收入2,105,786.33元|虚增合同价格，其中，2013年昆明机床虚增合同价格1,485,581.20元|2014年虚增合同价格620,205.13元|2013年至2015年通过跨期确认收入，虚计收入和虚增合同价格三种方式虚增收入共计483,080,163.99元|2013年虚增收入200,106,213.92元|2014年虚增收入121,309,854.58元|2015年虚增收入161,664,095.50元|2013年至2015年通过少计提辞退福利和高管薪酬的方式虚增利润29,608,616.03元|2013年昆明机床实际有内退人员143人，应当计管理费用6,553,232.16元，但财务记录内退人员131人，计入管理费用5,373,902.10元，少计12人，少计管理费用1,179,330.06元|2014年昆明机床实际有内退人员225人，应当计管理费用19,264,460.57元，但财务记录内退人员123人，计入管理费用8,185,458.83元，少计102人，少计管理费用11,079,001.74元|2015年昆明机床实际有内退人员289人，应当计管理费用21,337,006.61元，但财务记录内退人员120人，计入管理费用7,109,273.09元，少计169人，少计管理费用14,227,733.52元|2015年3月29日通过了高管人员2014年度薪酬考评方案，2016年3月30日通过了公司高管人员2015年度薪酬考评方案，昆明机床应当按照考评方案计提当年高管薪酬，但财务未予全部计提，2014年少计专项奖励1,000,000元|少计管理费用1,000,000元；2015年少计基本年薪及专项奖励共2,122,550.71元|2013年至2015年，昆明机床通过少计提辞退福利和高管薪酬的方式少计管理费用29,608,616.03元|2013年少计辞退福利1,179,330.06元|少计1,179,330.06元，虚增利润1,179,330.06元；2014年少计辞退福利11,079,001.74元|少计高管薪酬1,000,000元，导致管理费用少计12,079,001.74元，虚增利润12,079,001.74元；2015年少计辞退福利14,227,733.52元|2013年至2015年年度报告中披露的存货数据存在虚假记载2013年至2015年，昆明机床通过设置账外产成品库房、虚构生产业务、虚假降低实际产品制造成本等方式，多计各期营业成本，少计各年度期末存货，三年间累计多计成本235,272,252.56元|2013年多计成本120,871,685.64元|2014年多计成本69,014,625.10元|2015年多计成本45,385,341.82元|少计存货505,985,325.86元，其中2013年少计存货120,871,685.64元|2014年少计存货184,926,310.72元|2015年少计存货200,187,329.50元|2013年至2015年，昆明机床通过上述财务造假行为虚增收入483,080,163.99元|2013年虚增利润70,179,444.39元|虚增利润占公开披露的当期利润总额的706.21％，昆明机床在2013年年度报告中将亏损披露为盈利；2014年虚增利润50,827,156.90元|2015年虚增利润107,094,477.44元",合同价格三种方式虚增收入|合同价格的方式虚增收入|昆明机床虚增合同价格|合同价格|合同价格三种方式虚增收入共计|收入|收入|收入|辞退福利和高管薪酬的方式虚增利润|少计管理费用|少计管理费用|少计管理费用|专项奖励|少计基本年薪及专项奖励共|辞退福利和高管薪酬的方式少计管理费用|辞退福利|少计辞退福利|少计辞退福利|三年间累计多计成本|成本|成本|成本|少计存货|存货|存货|收入|利润|年度报告中将亏损披露为盈利；2014年虚增利润|利润,2014|2013|2016|2015,
福建众和股份有限公司,002070.SZ,*ST众和,"2016年度财务报告少计提坏账准备17,747.71万元",坏账准备,2016,
北京弘高创意建筑设计股份有限公司,002504.SZ,弘高创意,"2017年9月30日，*ST弘高披露《关于会计差错更正的公告》，对已披露的2016年度财务报告进行更正，涉及货币资金、应收账款等16个资产负债表科目以及营业收入、营业成本等7个利润表科目，其中调减2016年度营业收入1.18亿元|调减2016年度归属于上市公司股东的净利润（以下简称“净利润”）537万元|2017年9月30日，*ST弘高披露《关于会计差错更正的公告》，其中披露调减后的2016年度净利润为23,439万元",2016年度营业收入|归属于上市公司股东的净利润（以下简称“净利润”）|后的2016年度净利润为,2017|2016,
哈尔滨电气集团佳木斯电机股份有限公司,000922.SZ,佳电股份,"少计销售费用等方式，调增2013年利润总额158,437,287.54元|调增2014年利润总额39,942,583.68元|调节的利润，公司调减2015年利润总额198,379,871.22元",利润总额|利润总额|利润总额,2014|2013|2015,
广东广州日报传媒股份有限公司,002181.SZ,粤传媒,2017年4月19日，公司披露《关于前期会计差错更正及追溯调整的公告》，其中披露并购标的上海香榭丽广告传媒有限公司（以下简称“香榭丽”）总经理叶玫等人因涉嫌合同诈骗被公安机关立案调查，调查材料显示香榭丽在2014年度、2015年度利润表主要科目以及资产负债表主要科目存在多计或少计的情形，公司对2014年度和2015年度的财务报表进行追溯调整，具体如下：公司2014年末归属于母公司所有者权益（以下简称“净资产”）由43.46亿元|调整为36.67亿元，调减6.79亿元，调减金额占更正后净资产的18.52%；2014年度归属于母公司所有者的净利润（以下简称“净利润”）由2.30亿元|2015年末净资产由38.81亿元调整为35.93亿元|调减2.88亿元，调减金额占更正后净资产的8.02%；2015年度净利润由-4.45亿元,具体如下：公司2014年末归属于母公司所有者权益（以下简称“净资产”）由|归属于母公司所有者的净利润（以下简称“净利润”）由|为|净利润由-,2017|2014|2015,
广东广州日报传媒股份有限公司,400003.OC,粤传媒5(退市),2017年4月19日，公司披露《关于前期会计差错更正及追溯调整的公告》，其中披露并购标的上海香榭丽广告传媒有限公司（以下简称“香榭丽”）总经理叶玫等人因涉嫌合同诈骗被公安机关立案调查，调查材料显示香榭丽在2014年度、2015年度利润表主要科目以及资产负债表主要科目存在多计或少计的情形，公司对2014年度和2015年度的财务报表进行追溯调整，具体如下：公司2014年末归属于母公司所有者权益（以下简称“净资产”）由43.46亿元|调整为36.67亿元，调减6.79亿元，调减金额占更正后净资产的18.52%；2014年度归属于母公司所有者的净利润（以下简称“净利润”）由2.30亿元|2015年末净资产由38.81亿元调整为35.93亿元|调减2.88亿元，调减金额占更正后净资产的8.02%；2015年度净利润由-4.45亿元,具体如下：公司2014年末归属于母公司所有者权益（以下简称“净资产”）由|归属于母公司所有者的净利润（以下简称“净利润”）由|为|净利润由-,2017|2014|2015,
深圳市中恒汇志投资有限公司,600654.SH,ST中安,"2014年、2015年盈利预测和虚增2013年营业收入，导致中安消股份公开披露的重大资产重组文件存在虚假记载、误导性陈述，其中中安消技术资产评估金额虚增54.46%，2013年营业收入虚增5,515万元|2014年度《盈利预测报告》，分别虚构2014年度、2015年度预测收入3.42亿元、1.05亿元，导致重组置入资产评估值虚增15.57亿元|2014年可实现收入3.42亿元，2015年可实现收入1.05亿元，导致重组置入资产评估值虚增15.57亿元|虚增2013年度营业收入5,000万元|2013年12月底，“智慧石拐”项目尚未招标，相关合同总收入不能够可靠估计，中安消技术在不符合收入确认条件情况下按完工百分比法确认该项目收入，导致2013年度营业收入虚增5,000万元|虚增2013年度营业收入515万元|2013年虚增营业收入515万元|虚增15.57亿元，并且2013年度虚增营业收入5,515万元",2013年营业收入虚增|||营业收入||营业收入|营业收入|虚增营业收入,2013|2014|2015,
中安消技术有限公司,600654.SH,ST中安,"2014年、2015年盈利预测和虚增2013年营业收入，导致中安消股份公开披露的重大资产重组文件存在虚假记载、误导性陈述，其中中安消技术资产评估金额虚增54.46%，2013年营业收入虚增5,515万元|2014年度《盈利预测报告》，分别虚构2014年度、2015年度预测收入3.42亿元、1.05亿元，导致重组置入资产评估值虚增15.57亿元|2014年可实现收入3.42亿元，2015年可实现收入1.05亿元，导致重组置入资产评估值虚增15.57亿元|虚增2013年度营业收入5,000万元|2013年12月底，“智慧石拐”项目尚未招标，相关合同总收入不能够可靠估计，中安消技术在不符合收入确认条件情况下按完工百分比法确认该项目收入，导致2013年度营业收入虚增5,000万元|虚增2013年度营业收入515万元|2013年应收对价的公允价值应当为扣除利息费用后的余额，其与合同金额百分比之差的累计影响数为515万元，即2013年虚增营业收入515万元|虚增15.57亿元，并且2013年虚增营业收入5,515万元",2013年营业收入虚增|||营业收入||营业收入|营业收入|虚增营业收入,2013|2014|2015,
中安消股份有限公司,600654.SH,ST中安,"2014年、2015年盈利预测和虚增2013年营业收入，导致中安消股份公开披露的重大资产重组文件存在虚假记载、误导性陈述，其中中安消技术资产评估金额虚增54.46%，2013年营业收入虚增5,515万元|2014年度《盈利预测报告》，分别虚构2014年度、2015年度预测收入3.42亿元、1.05亿元，导致重组置入资产评估值虚增15.57亿元|2014年可实现收入3.42亿元，2015年可实现收入1.05亿元，导致重组置入资产评估值虚增15.57亿元|虚增2013年度营业收入5,000万元|2013年12月底，“智慧石拐”项目尚未招标，相关合同总收入不能够可靠估计，中安消技术在不符合收入确认条件情况下按完工百分比法确认该项目收入，导致2013年度营业收入虚增5,000万元|虚增2013年度营业收入515万元|2013年虚增营业收入515万元|虚增15.57亿元，并且2013年度虚增营业收入5,515万元",2013年营业收入虚增|||营业收入||营业收入|营业收入|虚增营业收入,2013|2014|2015,
中安消技术有限公司,600654.SHN,ST中安(沪股通),"2014年、2015年盈利预测和虚增2013年营业收入，导致中安消股份公开披露的重大资产重组文件存在虚假记载、误导性陈述，其中中安消技术资产评估金额虚增54.46%，2013年营业收入虚增5,515万元|2014年度《盈利预测报告》，分别虚构2014年度、2015年度预测收入3.42亿元、1.05亿元，导致重组置入资产评估值虚增15.57亿元|2014年可实现收入3.42亿元，2015年可实现收入1.05亿元，导致重组置入资产评估值虚增15.57亿元|虚增2013年度营业收入5,000万元|2013年12月底，“智慧石拐”项目尚未招标，相关合同总收入不能够可靠估计，中安消技术在不符合收入确认条件情况下按完工百分比法确认该项目收入，导致2013年度营业收入虚增5,000万元|虚增2013年度营业收入515万元|2013年应收对价的公允价值应当为扣除利息费用后的余额，其与合同金额百分比之差的累计影响数为515万元，即2013年虚增营业收入515万元|虚增15.57亿元，并且2013年虚增营业收入5,515万元",2013年营业收入虚增|||营业收入||营业收入|营业收入|虚增营业收入,2013|2014|2015,
深圳市中恒汇志投资有限公司,600654.SHN,ST中安(沪股通),"2014年、2015年盈利预测和虚增2013年营业收入，导致中安消股份公开披露的重大资产重组文件存在虚假记载、误导性陈述，其中中安消技术资产评估金额虚增54.46%，2013年营业收入虚增5,515万元|2014年度《盈利预测报告》，分别虚构2014年度、2015年度预测收入3.42亿元、1.05亿元，导致重组置入资产评估值虚增15.57亿元|2014年可实现收入3.42亿元，2015年可实现收入1.05亿元，导致重组置入资产评估值虚增15.57亿元|虚增2013年度营业收入5,000万元|2013年12月底，“智慧石拐”项目尚未招标，相关合同总收入不能够可靠估计，中安消技术在不符合收入确认条件情况下按完工百分比法确认该项目收入，导致2013年度营业收入虚增5,000万元|虚增2013年度营业收入515万元|2013年虚增营业收入515万元|虚增15.57亿元，并且2013年度虚增营业收入5,515万元",2013年营业收入虚增|||营业收入||营业收入|营业收入|虚增营业收入,2013|2014|2015,
中安消股份有限公司,600654.SHN,ST中安(沪股通),"2014年、2015年盈利预测和虚增2013年营业收入，导致中安消股份公开披露的重大资产重组文件存在虚假记载、误导性陈述，其中中安消技术资产评估金额虚增54.46%，2013年营业收入虚增5,515万元|2014年度《盈利预测报告》，分别虚构2014年度、2015年度预测收入3.42亿元、1.05亿元，导致重组置入资产评估值虚增15.57亿元|2014年可实现收入3.42亿元，2015年可实现收入1.05亿元，导致重组置入资产评估值虚增15.57亿元|虚增2013年度营业收入5,000万元|2013年12月底，“智慧石拐”项目尚未招标，相关合同总收入不能够可靠估计，中安消技术在不符合收入确认条件情况下按完工百分比法确认该项目收入，导致2013年度营业收入虚增5,000万元|虚增2013年度营业收入515万元|2013年虚增营业收入515万元|虚增15.57亿元，并且2013年度虚增营业收入5,515万元",2013年营业收入虚增|||营业收入||营业收入|营业收入|虚增营业收入,2013|2014|2015,
吉林永丰食品股份有限公司,835566.OC,ST永丰,"2012年以来，白世洲私自以公司名义签署11项对外借款合同为其个人借款，本金累计发生14,042.5万元，经白世洲个人偿还后，法院、仲裁机构判决、调解或仲裁确定仍应由永丰食品承担还款义务的金额6925.17万元|2012年以来，白世洲私自以公司名义签订了7项对外担保合同为其个人以及关联方的债务进行担保，本金累计发生3,140.00万元，经白世洲个人偿还后，目前经法院、仲裁机构判决、调解或仲裁确定担保债务本金908.58万元",或仲裁确定仍应由永丰食品承担还款义务的金额|或仲裁确定担保债务本金,2012,
中国高科集团股份有限公司,600730.SH,中国高科,2014年虚增的营业收入约为2.28亿元|2015年虚增的营业－4－收入约为8.55亿元|2016年前三季度虚增的营业收入约为11.18亿元,的营业收入约为|的营业－4－收入约为|的营业收入约为,2014|2016|2015,2016年前三季度
中国高科集团股份有限公司,600730.SHN,中国高科(沪股通),2014年虚增的营业收入约为2.28亿元|2015年虚增的营业－4－收入约为8.55亿元|2016年前三季度虚增的营业收入约为11.18亿元,的营业收入约为|的营业－4－收入约为|的营业收入约为,2014|2016|2015,2016年前三季度
银基烯碳新材料股份有限公司,000511.SZ,烯碳退(退市),"2015年度合并财务报表虚增资产1,795.24万元",资产,2015,
银基烯碳新材料股份有限公司,400070.OC,烯碳3,"2015年度合并财务报表虚增资产1,795.24万元",资产,2015,
广东超华科技股份有限公司,002288.SZ,超华科技,"2014年度利润总额、合并净利润虚增2,770,505.13元",,2014,
江苏雅百特科技股份有限公司,002323.SZ,*ST百特,2016年9月通过虚构海外工程项目、虚构国际贸易和国内贸易等手段，累计虚增营业收入约5.8亿元,营业收入约,2016,
苏州和氏设计营造股份有限公司,430456.OC,和氏股份(退市),"调整影响2015年净利润-3,804,253.05元|调整前2015年净利润17,066,722.03元|调整后2015年净利润13,262,468.98元|调整比例为-22.29%；调整影响2015年净资产-40,509,662.74元|调整前2015年期末净资产194,148,076.95元|调整后2015年期末净资产153,638,414.21元|调整影响2016年净利润686,702.62元|调整前2016年净利润23,362,680.55元|调整后2016年净利润24,049,383.17元|调整比例为2.94%；调整影响2016年净资产-39,822,960.12元|调整前2016年期末净资产218,530,757.50元|调整后2016年期末净资产178,707,797.38元",净利润-|净利润|净利润|净资产-|期末净资产|期末净资产|净利润|净利润|净利润|净资产-|期末净资产|期末净资产,2016|2015,
太原化工股份有限公司,600281.SH,太化股份,"虚增收入2014年，公司通过子公司山西华旭物流有限公司和太化股份铁运分公司实施无商业实质的购销交易，重复销售部分货物，虚增营业收入41,133,297.88元|2014年全年共虚增收入约7.35亿元",虚增营业收入|收入约,2014,
大丰匀耀现代服务产业投资基金合伙企业(有限合伙),002667.SZ,鞍重股份,2013年-2015年，公司通过虚构业务、改变业务性质等多种方式虚增服务费收入共计2.65亿元|2013年虚增服务费收入1726.9万元|2014年虚增服务费收入8755.7万元|2015年虚增服务费收入1.6亿元|虚增2015年销售收入57.48万元,服务费收入共计|服务费收入|服务费收入|服务费收入|销售收入,2014|2013|2015,
杭州金永信润禾创业投资合伙企业(有限合伙),002667.SZ,鞍重股份,2013年-2015年，公司通过虚构业务、改变业务性质等多种方式虚增服务费收入共计2.65亿元|2013年虚增服务费收入1726.9万元|2014年虚增服务费收入8755.7万元|2015年虚增服务费收入1.6亿元|虚增2015年销售收入57.48万元,服务费收入共计|服务费收入|服务费收入|服务费收入|销售收入,2014|2013|2015,
浙江华睿海越现代服务业创业投资有限公司,002667.SZ,鞍重股份,2013年-2015年，公司通过虚构业务、改变业务性质等多种方式虚增服务费收入共计2.65亿元|2013年虚增服务费收入1726.9万元|2014年虚增服务费收入8755.7万元|2015年虚增服务费收入1.6亿元|虚增2015年销售收入57.48万元,服务费收入共计|服务费收入|服务费收入|服务费收入|销售收入,2014|2013|2015,
江阴安益股权投资企业(有限合伙),002667.SZ,鞍重股份,2013年-2015年，公司通过虚构业务、改变业务性质等多种方式虚增服务费收入共计2.65亿元|2013年虚增服务费收入1726.9万元|2014年虚增服务费收入8755.7万元|2015年虚增服务费收入1.6亿元|虚增2015年销售收入57.48万元,服务费收入共计|服务费收入|服务费收入|服务费收入|销售收入,2014|2013|2015,
嘉兴九卓投资管理公司,002667.SZ,鞍重股份,2013年-2015年，公司通过虚构业务、改变业务性质等多种方式虚增服务费收入共计2.65亿元|2013年虚增服务费收入1726.9万元|2014年虚增服务费收入8755.7万元|2015年虚增服务费收入1.6亿元|虚增2015年销售收入57.48万元,服务费收入共计|服务费收入|服务费收入|服务费收入|销售收入,2014|2013|2015,
北京科桥成长创业投资中心(有限合伙),002667.SZ,鞍重股份,2013年-2015年，公司通过虚构业务、改变业务性质等多种方式虚增服务费收入共计2.65亿元|2013年虚增服务费收入1726.9万元|2014年虚增服务费收入8755.7万元|2015年虚增服务费收入1.6亿元|虚增2015年销售收入57.48万元,服务费收入共计|服务费收入|服务费收入|服务费收入|销售收入,2014|2013|2015,
北京科桥嘉永创业投资中心(有限合伙),002667.SZ,鞍重股份,2013年-2015年，公司通过虚构业务、改变业务性质等多种方式虚增服务费收入共计2.65亿元|2013年虚增服务费收入1726.9万元|2014年虚增服务费收入8755.7万元|2015年虚增服务费收入1.6亿元|虚增2015年销售收入57.48万元,服务费收入共计|服务费收入|服务费收入|服务费收入|销售收入,2014|2013|2015,
嘉兴九贵股权投资合伙企业(有限合伙),002667.SZ,鞍重股份,2013年-2015年，公司通过虚构业务、改变业务性质等多种方式虚增服务费收入共计2.65亿元|2013年虚增服务费收入1726.9万元|2014年虚增服务费收入8755.7万元|2015年虚增服务费收入1.6亿元|虚增2015年销售收入57.48万元,服务费收入共计|服务费收入|服务费收入|服务费收入|销售收入,2014|2013|2015,
北京普思投资有限公司,002667.SZ,鞍重股份,2013年-2015年，公司通过虚构业务、改变业务性质等多种方式虚增服务费收入共计2.65亿元|2013年虚增服务费收入1726.9万元|2014年虚增服务费收入8755.7万元|2015年虚增服务费收入1.6亿元|虚增2015年销售收入57.48万元,服务费收入共计|服务费收入|服务费收入|服务费收入|销售收入,2014|2013|2015,
宁波市科发股权投资基金合伙企业(有限合伙),002667.SZ,鞍重股份,2013年-2015年，公司通过虚构业务、改变业务性质等多种方式虚增服务费收入共计2.65亿元|2013年虚增服务费收入1726.9万元|2014年虚增服务费收入8755.7万元|2015年虚增服务费收入1.6亿元|虚增2015年销售收入57.48万元,服务费收入共计|服务费收入|服务费收入|服务费收入|销售收入,2014|2013|2015,
浙江华睿德银创业投资有限公司,002667.SZ,鞍重股份,2013年-2015年，公司通过虚构业务、改变业务性质等多种方式虚增服务费收入共计2.65亿元|2013年虚增服务费收入1726.9万元|2014年虚增服务费收入8755.7万元|2015年虚增服务费收入1.6亿元|虚增2015年销售收入57.48万元,服务费收入共计|服务费收入|服务费收入|服务费收入|销售收入,2014|2013|2015,
鞍山重型矿山机器股份有限公司,002667.SZ,鞍重股份,2013年-2015年，九好集团通过虚构业务、改变业务性质等多种方式虚增服务费收入共计2.65亿元|2013年虚增服务费收入1726.9万元|2014年虚增服务费收入8755.7万元|2015年虚增服务费收入1.6亿元|虚增2015年销售收入57.48万元,服务费收入共计|服务费收入|服务费收入|服务费收入|销售收入,2014|2013|2015,
浙江九好办公服务集团有限公司,002667.SZ,鞍重股份,2013年-2015年，九好集团通过虚构业务、改变业务性质等多种方式虚增服务费收入共计2.65亿元|2013年虚增服务费收入1726.9万元|2014年虚增服务费收入8755.7万元|2015年虚增服务费收入1.6亿元|虚增2015年销售收入57.48万元,服务费收入共计|服务费收入|服务费收入|服务费收入|销售收入,2014|2013|2015,
江西省广蓝传动科技股份有限公司,831139.OC,江西广蓝,"调减2015年营业收入7,112,317.46元|调减营业成本5,326,068.64元，调减应收账款49,356,872.26元等，调整影响当期净利润-11,604,066.83元，调整前2015年净利润6,088,974.97元|调整后2015年净利润-5,515,091.86元|调整比例为-190.58%；调整影响当期净资产-11,604,066.83元，调整前2015年末期末净资产94,048,563.24元|调整后2015年末净资产54,590,118.96元",营业收入|净利润|净利润-|末期末净资产|末净资产,2015,
北京万国天骐体育股份有限公司,837629.OC,万国体育,"2015年财务数据进行了追溯调整，调整影响当期净利润-10,789,079.52元|调整前2015年净利润26,129,314.30元|调整后2015年净利润15,340,234.78元|调整比例为-41.92%；调整影响当期净资产-23,279,374.65元，调整前2015年期末净资产24,450,811.44元|调整后2015年期末净资产1,171,436.79元",调整影响当期净利润-|净利润|净利润|期末净资产|期末净资产,2015,
海南椰岛(集团)股份有限公司,600238.SH,*ST椰岛,"2016年第一季度、2016年半年度、2016年第三季度的合并财务报表进行了更正，各期营业收入及营业成本分别调减15,833,044.29元",,2016,2016年第三季度|2016年第一季度
海南椰岛(集团)股份有限公司,600238.SHN,*ST椰岛(沪股通),"2016年第一季度、2016年半年度、2016年第三季度的合并财务报表进行了更正，各期营业收入及营业成本分别调减15,833,044.29元",,2016,2016年第三季度|2016年第一季度
重庆万里新能源股份有限公司,600847.SH,万里股份,2016年半年度报告披露财务数据不准确2016年5月31日，你公司将支付给天健会计师事务所的2015年审计费75.47万元从“管理费用/中介机构服务费”调整计入“其他流动资产/重组发行费用”，导致你公司2016年半年报多计净利润75.47万元,导致你公司2016年半年报多计净利润,2016|2015,2016年半年报
中水集团远洋股份有限公司,000798.SZ,中水渔业,"2014年度财务报表初步调整还原后，2015年7月30日，宗文峰、邓荣成、王小霞、中审亚太合伙人李某和国都证券股份有限公司(以下简称国都证券)项目负责人张某在中水渔业会议室开会讨论，并知悉新阳洲对张福赐的其他应收款金额约为2.2亿元|2015年9月25日，大信出具了对新阳洲2014年度的审计报告，在张福赐签字确认的四份《2014年度财务信息确认书》基础上，经过审计调整确认，截至2014年12月31日，新阳洲对张福赐的其他应收款余额为180,329,584.47元|2015年半年度报告财务报表时，中水渔业仅将2015年第一季度初步确认的新阳洲账实不符金额84,399,221.64元调整到其他应收款一其他，与根据大信审计报告以及《张福赐还款说明》测算的新阳洲对张福赐的其他应收款余额168,424,045.13元|2015年半年度报告披露的合并资产负债表其他应收款项目期末金额少计84,024,823.49元",并知悉新阳洲对张福赐的其他应收款金额约为|新阳洲对张福赐的其他应收款余额为|与根据大信审计报告以及《张福赐还款说明》测算的新阳洲对张福赐的其他应收款余额|,2014|2015,2015年第一季度
大越期货股份有限公司,839979.OC,大越期货,"2017年8月30日至2017年10月13日对公司2014年1月1日至2016年12月31日期间涉税情况进行了检查，发现公司2014-2016年少计应纳税所得额1,306,632.45元",应纳税所得额,2017|2014|2016,
上海大智慧股份有限公司,601519.SH,大智慧,"2013年大智慧提前确认收入87,446,901.48元，虚增利润68,269,813.05元|2013年大智慧虚增销售收入2,872,486.68元|虚增2013年收入2,872,486.68元|虚增2013年收入和利润943,396.23元|2013年9月1日至2014年12月31日分摊后，调减了1,886,792.37元|2013年应计成本费用，虚增利润24,954,316.65元|2013年少计成本费用24,954,316.65元|2013年大智慧相关项目未履行完成，虚增收入15,677,377.40元|虚增利润15,468,181.70元2013年11月，大智慧子公司上海大智慧信息科技有限公司（以下简称大智慧信息科技）与天津渤海商品交易所股份有限公司（以下简称渤商所）签订合同，成为渤商所会员，一次性缴纳管理软件使用费2,000万元|2013年履行完成，由此虚增2013年收入15,677,377.40元|虚增2013年合并财务报表利润总额8,250,098.88元|虚增商誉4,331,301.91元大智慧信息科技在2013年9月底开始着手以7,000万元|2013年11月4日之前并未控制天津民泰，购买日应由2013年10月1日调整为11月1日，合并财务报表利润总额即将减少8,250,098.88元",利润|销售收入|收入|收入和利润|了|利润|成本费用|收入|一次性缴纳管理软件使用费|2013年收入|合并财务报表利润总额|9月底开始着手以|合并财务报表利润总额即将减少,2014|2013,
怀集登云汽配股份有限公司,002715.SZ,登云股份,2017年4月28日，公司披露《关于公司前期会计差错更正的公告》，公司2015年净资产和净利润均调增470.12万元|2016年三季度净资产和净利润分别调减291.17万元,|,2017|2016|2015,2016年三季度
凯迪生态环境科技股份有限公司,000939.SZ,*ST凯迪,2016年度报告多计税前利润2602.38万元,税前利润,2016,
通策医疗投资股份有限公司,600763.SH,通策医疗,"调整导致2015年度财务报表相应更正，调减2015年度净利润6,776.82万元",调减2015年度净利润,2015,
通策医疗投资股份有限公司,600763.SHN,通策医疗(沪股通),"调整导致2015年度财务报表相应更正，调减2015年度净利润6,776.82万元",调减2015年度净利润,2015,
凯迪生态环境科技股份有限公司,000939.SZ,*ST凯迪,2016年度报告多计税前利润2602.38万元,税前利润,2016,
北京嘉寓门窗幕墙股份有限公司,300117.SZ,嘉寓股份,"2010年度至2013年度的定期报告中存在营业成本结转不符合《企业会计准则》规定的情形，对各年的利润影响如下：2010年度嘉寓股份多计利润4,241.80万元|2011年度嘉寓股份少计利润807.54万元|2012年度嘉寓股份多计利润150.50万元|2013年度嘉寓股份少计利润2,384.69万元|2016年年度报告对前期财务数据进行了追溯调整，2014年归属于上市公司股东的净利润由4,748.71万元|调整至6,269.93万元,2015年属于上市公司股东的净利润由3,133.11万元",利润|利润|利润|利润|2014年归属于上市公司股东的净利润由|属于上市公司股东的净利润由,2010|2016|2013|2014|2011|2012|2015,
山东驼风汽车科技股份有限公司,838589.OC,驼风科技,"2016年年度已经结转主营业务成本，2016年应当调增应纳税所得额300,000.00元",应纳税所得额,2016,
哈尔滨电气集团佳木斯电机股份有限公司,000922.SZ,佳电股份,"调整情况佳电股份通过少结转佳电公司的主营业务成本、少计销售费用等方式调增2013年度利润总额158,437,287.54元|调增2014年度利润总额39,942,583.68元|调减2015年度利润总额198,379,871.22元",利润总额|利润总额|利润总额,2014|2013|2015,
山东墨龙石油机械股份有限公司,002490.SZ,山东墨龙,"2015年一季报、半年报、三季报涉嫌虚假记载2015年一季报实际净利润为-1,945.54万元，山东墨龙通过虚增收入2,411.49万元|2015年半年报实际净利润为-7,182.72万元，山东墨龙通过虚增收入7,318.97万元|2015年三季报年初到报告期末实际净利润为-9,247.24万元，山东墨龙通过虚增收入2,167.73万元|2016年一季报、半年报、三季报涉嫌虚假记载2016年一季报实际净利润为-5,828.78万元，山东墨龙通过虚增收入4,140万元|2016年半年报实际净利润为-14,627.68万元，山东墨龙通过虚增收入10,000万元|2016年三季报年初到报告期末实际净利润为-21,897.21万元，山东墨龙通过虚增收入6,049.28万元",收入|收入|收入|收入|收入|收入,2016|2015,2016年三季报|2015年一季报、半年报、三季报|2016年半年报|2016年一季报、半年报、三季报|2016年一季报|2015年半年报|2015年三季报|2015年一季报
上海龙宇燃油股份有限公司,603003.SH,龙宇燃油,2014年年报虚增营业收入和营业成本，且未及时披露2016年12月9日，财政部网站公布《中华人民共和国财政部会计信息质量检查公告第35号文》（以下简称检查公告）指出，2014年公司存在多计资产2295万元|2016年12月29日，公司披露《关于会计检查相关事项说明及股票复牌的提示性公告》称，因贸易过程中的实物流转单据部分缺失，公司2014年虚增营业收入5.683亿元|2017年4月24日才将上述一、公司2014年年报虚增营业收入和营业成本，且未及时披露2016年12月9日，财政部网站公布《中华人民共和国财政部会计信息质量检查公告第35号文》（以下简称检查公告）指出，2014年公司存在多计资产2295万元|2016年12月29日，公司披露《关于会计检查相关事项说明及股票复牌的提示性公告》称，因贸易过程中的实物流转单据部分缺失，公司2014年虚增营业收入5.683亿元,2014年公司存在多计资产|营业收入|2014年公司存在多计资产|营业收入,2017|2014|2016,2014年年报
安徽新力金融股份有限公司,600318.SH,新力金融,"2015年年报中，将安徽省东方金河房地产开发有限公司（以下简称东方金河）债权资产质量按照正常类计提0.5%，而根据《企业会计准则第22号——金融工具确认和计量》第四十一条关于金融资产发生减值的客观证据第二项“债务人违反了合同条款，如偿付利息或本金发生违约或逾期”规定以及新力金融企业会计政策规定，该笔债权在借款人已逾期支付利息和偿还本金，还款能力出现明显问题时，应按次级类计提减值20%，故新力金融在2015年年报中少计提东方金河项目债权2015年度减值准备30,225,000元|虚增2015年利润30,225,000元|2015年12月，新力金融将控股子公司安徽德润融资租赁股份有限公司（以下简称德润租赁）当期收到淮南市荣胜昕安房地产开发有限公司（以下简称淮南荣胜）支付（第三方代付）的属于2014年度的利息22,323,287.68元、2015年1-4月（原巢东股份受让德润租赁等资产前）利息13,200,000元合计35,523,287.68元计入当期收入，虚增2015年度营业收入和利润35,523,287.68元|2015年年报虚增营业收入35,523,287.68元|2015年度营业收入的2.59%，虚增利润65,748,287.68元",东方金河项目债权2015年度减值准备|利润|2015年度营业收入和利润|营业收入|利润,2014|2015,2015年年报
安徽新力金融股份有限公司,600318.SHN,新力金融(沪股通),"2015年年报中，将安徽省东方金河房地产开发有限公司（以下简称东方金河）债权资产质量按照正常类计提0.5%，而根据《企业会计准则第22号——金融工具确认和计量》第四十一条关于金融资产发生减值的客观证据第二项“债务人违反了合同条款，如偿付利息或本金发生违约或逾期”规定以及新力金融企业会计政策规定，该笔债权在借款人已逾期支付利息和偿还本金，还款能力出现明显问题时，应按次级类计提减值20%，故新力金融在2015年年报中少计提东方金河项目债权2015年度减值准备30,225,000元|虚增2015年利润30,225,000元|2015年12月，新力金融将控股子公司安徽德润融资租赁股份有限公司（以下简称德润租赁）当期收到淮南市荣胜昕安房地产开发有限公司（以下简称淮南荣胜）支付（第三方代付）的属于2014年度的利息22,323,287.68元、2015年1-4月（原巢东股份受让德润租赁等资产前）利息13,200,000元合计35,523,287.68元计入当期收入，虚增2015年度营业收入和利润35,523,287.68元|2015年年报虚增营业收入35,523,287.68元|2015年度营业收入的2.59%，虚增利润65,748,287.68元",东方金河项目债权2015年度减值准备|利润|2015年度营业收入和利润|营业收入|利润,2014|2015,2015年年报
吉林永丰食品股份有限公司,835566.OC,ST永丰,2012年以来，公司控股股东、董事长白世洲以公司名义对外签订11份借款合同，并将所借款项直接存入其个人或其指定账户，涉及本金1.404亿元，目前经法院、仲裁机构判决、调解或仲裁确定应由公司承担还款义务的金额6925.17万元|2012年以来，公司控股股东白世洲以公司名义对外签订担保合同，为其个人或其他关联方的借款提供担保，累计7项担保债务本金3140万元，经法院、仲裁机构判决、调解或仲裁确定担保债务本金908.58万元,或仲裁确定应由公司承担还款义务的金额|或仲裁确定担保债务本金,2012,
武汉凡谷电子技术股份有限公司,002194.SZ,*ST凡谷,"2016年半年报和2016年第三季度报告也进行大额更正，半年报净利润由2,051万元调整为482万元",为,2016,2016年第三季度|2016年半年报
宁夏中银绒业股份有限公司,000982.SZ,*ST中绒,2017年4月29日，*ST中绒披露的《关于前期会计差错更正及追溯调整的公告》显示，*ST中绒对2012年和2013年相关事项会计处理进行差错更正，*ST中绒2012年度营业收入调减3.5亿元|调减2.1亿元（占当年归属于上市公司股东净利润的比例为75%），期末总资产、归属于上市公司股东的权益均调减2.1亿元；*ST中绒2013年度营业收入调减4.03亿元|调减2.39亿元（占当年归属于上市公司股东净利润的比例为85%），期末总资产、归属于上市公司股东的权益均调减4.49亿元；*ST中绒2014、2015年期末总资产、归属于上市公司股东的权益均调减4.49亿元,*ST中绒2012年度营业收入调减|营业收入调减|归属于上市公司股东的权益均调减,2017|2015|2013|2012,
南昌贝欧特医疗科技股份有限公司,831448.OC,贝欧特,"2015年8月17日至2016年3月3月对我司2013年1月1日至2014年12月31日情况进行了检查，现说明如下：（一）企业所得税方面，2013年度因工会经费、固定资产折旧、资产减值损失进行纳税调整，应补缴企业所得税39,533.16元",应补缴企业所得税,2014|2013|2016|2015,
力帆实业(集团)股份有限公司,601777.SH,力帆股份,2016年净利润由2017年1月预计的1.8亿元调减为1.17亿元,为,2017|2016,
力帆实业(集团)股份有限公司,601777.SHN,力帆股份(沪股通),2016年净利润由2017年1月预计的1.8亿元调减为1.17亿元,为,2017|2016,
江苏澄星磷化工股份有限公司,600078.SH,澄星股份,"2011年、2012年年度报告存在虚假记载澄星股份2011年末应收票据虚增29,780万元|2012年末应收票据虚增29,513.80万元|虚增应收票据，虚减其他应收款、预付账款1.2011年末应收票据虚增9,780万元|虚减9,780万元2.2012年末应收票据虚增9,513.80万元",||末应收票据虚增|末应收票据虚增,2011|2012,
江苏澄星磷化工股份有限公司,600078.SHN,澄星股份(沪股通),"2011年、2012年年度报告存在虚假记载澄星股份2011年末应收票据虚增29,780万元|2012年末应收票据虚增29,513.80万元|虚增应收票据，虚减其他应收款、预付账款1.2011年末应收票据虚增9,780万元|虚减9,780万元2.2012年末应收票据虚增9,513.80万元",||末应收票据虚增|末应收票据虚增,2011|2012,
北京创四方电子股份有限公司,838834.OC,创四方,"2013年度应申报而未申报收入2,219,332.08元，确认成本1,813,269.08元，应调增当年应纳税所得额406,063元",当年应纳税所得额,2013,
太原化工股份有限公司,600281.SH,太化股份,2014年，太化股份通过子公司山西华旭物流有限公司（以下简称华旭物流）和太化股份铁运分公司实施无商业实质的购销交易，虚增营业收入41，133，297.88元|2014年，太化股份及其子公司作为中间商，实施无商业实质的购销交易，虚增营业收入694，200，850.60元,|,2014,
太原化工股份有限公司,600281.SH,太化股份,"2014年实施无商业实质的购销交易（一）太化股份通过子公司山西华旭物流有限公司（以下简称华旭物流）和太化股份铁运分公司实施无商业实质的购销交易，虚增营业收入，具体过程如下：2014年12月18日，华旭物流向阳泉某贸易公司销售抛光粉787.53吨，并确认收入41,099,642.58元",并确认收入,2014,
浙江步森服饰股份有限公司,002569.SZ,步森股份,2011年12月31日、2012年12月31日、2013年12月31日、2014年4月30日的财务报表分别虚增资产2.04亿元|2011年、2012年、2013年、2014年1-4月财务报表分别虚增营业收入1.48亿元,资产|营业收入,2014|2013|2011|2012,
江苏蔚联机械股份有限公司,832194.OC,蔚联股份,2014年4月，公司食堂线路改装用电线电缆材料1974.36元，涉及已申报抵扣进项税335.64元；（2）2015年5月，食堂小餐厅安装空调固定资产6487.18元,定资产,2014|2015,
青海三江源药业有限公司,831898.OC,冬虫夏草,"2012年度收到资金未计收入，应调增应纳税所得额500,000.00元|2013年度收到资金未计收入，应调增纳税所得额719,000.00元|2014年度企业确认上年度未计收入的资金25,000.00元，以前年度已作纳税调增，本年应调减纳税所得额25,000.00元",应纳税所得额|纳税所得额|本年应调减纳税所得额,2014|2013|2012,
深圳美丽生态股份有限公司,000010.SZ,美丽生态,"2015年度合并利润总额虚增1,247.29万元|2015年年度报告中对子公司八达园林盘盈生物资产的会计处理不当，导致美丽生态2015年度利润总额虚增1,247.29万元",|,2015,
江苏八达园林有限责任公司,000010.SZ,美丽生态,"2015年度合并利润总额虚增1,247.29万元|2015年年度报告中对子公司八达园林盘盈生物资产的会计处理不当，导致美丽生态2015年度利润总额虚增1,247.29万元",|,2015,
东莞蓝宇传媒股份有限公司,836353.OC,蓝宇传媒,"2016年上半年,公司在尚未符合收入确认条件的情况下,提前确认了公司对宁波直众二十一城文化传播有限公司、广东金诺文化传播有限公司、东莞市好博电子有限公司、东莞市长安万科房地产有限公司等客户的有关收入，涉及金额分别为38.98万元、32.50万元、17.17万元、56.60万元，导致公司2016年半年报虚增营业收入145.25万元",营业收入,2016,2016年半年报
江西省金锂科技股份有限公司,833616.OC,金锂科技,"2017年2月22日至2017年5月23日对金锂科技2012年1月1日至2016年12月31日增值税、企业所得税情况进行了检查，现说明如下：（一）企业所得税方面，2012年度至2016年度因管理费用、业务招待费、营业外支出、资产减值损失、销售费用、财务费用进行纳税调整应补缴企业所得税合计565,457.67元",应补缴企业所得税合计,2017|2016|2012,
湖北中天亿信科技股份有限公司,100131.WHE,中天亿信,2011年1月1日至2015年12月31日期间纳税情况进行检查，调增我公司不符合税前扣除的职工福利费和管理费用，调增计提但未拨缴的工会经费，合计调增应纳税所得额73377.91元,合计调增应纳税所得额,2011|2015,
湖北中天亿信科技股份有限公司,837121.OC,中天亿信,2011年1月1日至2015年12月31日期间纳税情况进行检查，调增我公司不符合税前扣除的职工福利费和管理费用，调增计提但未拨缴的工会经费，合计调增应纳税所得额73377.91元,合计调增应纳税所得额,2011|2015,
通策医疗投资股份有限公司,600763.SH,通策医疗,"2017年4月1日,你公司披露《关于前期会计差错更正及追溯调整的公告》,认为吕建明通过宝群实业间接持有你公司33.75%的股份,为第一大股东,从法律实质上能主导你公司的经营决策和财务决策,故从更审慎角度出发,对你公司收购通策健康的交易按照同一控制下的企业合并进行追溯调整,并对2015年度财务报表进行更正,影响2015年度净利润-6,776.82万元","的公告》,认为吕建明通过宝群实业间接持有你公司33.75%的股份,为第一大股东,从法律实质上能主导你公司的经营决策和财务决策,故从更审慎角度出发,对你公司收购通策健康的交易按照同一控制下的企业合并进行追溯调整,并对2015年度财务报表进行更正,影响2015年度净利润-",2017|2015,
通策医疗投资股份有限公司,600763.SHN,通策医疗(沪股通),"2017年4月1日,你公司披露《关于前期会计差错更正及追溯调整的公告》,认为吕建明通过宝群实业间接持有你公司33.75%的股份,为第一大股东,从法律实质上能主导你公司的经营决策和财务决策,故从更审慎角度出发,对你公司收购通策健康的交易按照同一控制下的企业合并进行追溯调整,并对2015年度财务报表进行更正,影响2015年度净利润-6,776.82万元","的公告》,认为吕建明通过宝群实业间接持有你公司33.75%的股份,为第一大股东,从法律实质上能主导你公司的经营决策和财务决策,故从更审慎角度出发,对你公司收购通策健康的交易按照同一控制下的企业合并进行追溯调整,并对2015年度财务报表进行更正,影响2015年度净利润-",2017|2015,
怀集登云汽配股份有限公司,002715.SZ,登云股份,2016年11月28日，法院下发《民事调解书》，确认该客户退还登云股份三包索赔扣款270.75万元,确认该客户退还登云股份三包索赔扣款,2016,
神马实业股份有限公司,600810.SH,神马股份,2016年4月20日，公司披露关于会计差错更正的公告称，公司在编制2014年年报时，未将合并报表范围内各个主体之间的交易予以合并抵消，导致公司2014年年报中营业收入和营业成本均虚增53.43亿元,,2014|2016,2014年年报
福建金森林业股份有限公司,002679.SZ,福建金森,"2012年度、2013年度、2014年1月至9月实际的营业收入是149,121,841.72元、158,550,198.61元、136,446,406.80元，各年（期）虚增营业收入分别为28,255,650元",营业收入分别为,2014|2013|2012,
江苏欧密格光电科技股份有限公司,832059.OC,欧密格,"2013年6月公司财务部门进行大调整，财务部都是新进人员，交接工作没做好，新进人员对出口销售业务不熟，导致2013年9月至2014年12月出口退税中免、抵部份漏交了城市维护建设税254,720.86元",抵部份漏交了城市维护建设税,2014|2013,
中电广通股份有限公司,600764.SH,中国海防,2015年前三季度定期报告财务信息披露不真实、不准确　　公司披露的2015年第一季度报告、半年度报告、第三季度报告存在两方面重大差错：一是下属子公司在未实际交付货物、不满足收入确认条件的情况下，开具IBM服务器集成与分销业务销售发票并确认收入，导致公司2015年前三季度合计虚增收入1.14亿元|2015年前三季度合计虚增收入1.08亿元,收入|收入,2015,2015年前三季度|2015年第一季度
鞍山重型矿山机器股份有限公司,002667.SZ,鞍重股份,"2013年-2015年，九好集团通过各种手段虚增服务费收入264,897,668.7元",服务费收入,2013|2015,
上海中毅达股份有限公司,600610.SH,*ST毅达,2015年三季报中将第三方已完成的工程量确认为公司三季度收入，由此虚增三季报营业收入7267万元|2015年三季报中，将第三方已完成的工程量确认为公司的收入，由此虚增收入达7267万元,三季报营业收入|收入达,2015,2015年三季报
上海中毅达股份有限公司,900906.SH,*ST毅达B,2015年三季报中将第三方已完成的工程量确认为公司三季度收入，由此虚增三季报营业收入7267万元|2015年三季报中，将第三方已完成的工程量确认为公司的收入，由此虚增收入达7267万元,三季报营业收入|收入达,2015,2015年三季报
福建漳州发展股份有限公司,000753.SZ,漳州发展,"2016年半年报少计应付账款2,128.02万元|少计存货2,128.02万元；2016年三季报少计应付账款2,290.14万元",应付账款|三季报少计应付账款,2016,2016年三季报|2016年半年报
甘肃皇台酒业股份有限公司,000995.SZ,*ST皇台,2015年年报实际虚增500万元,,2015,2015年年报
北京嘉寓门窗幕墙股份有限公司,300117.SZ,嘉寓股份,调节利润嘉寓股份2007年度多计利润713.24万元，占当期利润总额的11.15%；2008年度多计利润751.42万元，占当期利润总额的11.43%；2009年度少计利润449.66万元，占当期利润总额的-5.76%；2010年度多计利润4241.80万元|2010年1月至6月多计利润56.77万元|2011年度少计利润807.54万元|2012年多计利润150.50万元|2013年度少计利润2384.69万元|2014年度少计利润1789.67万元|2012年度多计155.46万元|2013年度多计534.27万元,多计利润|利润|利润|利润|利润|利润||,2010|2013|2014|2011|2012,
锐奇控股股份有限公司,300126.SZ,锐奇股份,"2015年3月，锐奇股份将2015年1月和2月期间部分已费用化的研发支出1,168,541.67元从“管理费用”中冲回至“研发费用化支出”，再将此费用从“研发费用化支出”调整至“预付账款”科目，并将该费用推迟至2015年7月确认；2015年6月，锐奇股份将2015年5月和6月期间部分已经费用化的“研发费用化支出”1,164,072.09元|调整合计推迟确认研发费用2,332,613.76元，导致公司2015年半年度报告合并利润总额虚增2,332,613.76元",锐奇股份将2015年5月和6月期间部分已经费用化的“研发费用化支出”|半年度报告合并利润总额虚增,2015,
神马实业股份有限公司,600810.SH,神马股份,"2014年年度报告虚增营业收入5,343,419,931.06元|2015年半年度报告虚增营业收入2,512,108,098.07元",营业收入|营业收入,2014|2015,
通化葡萄酒股份有限公司,600365.SH,通葡股份,"2016年6月15日，公司披露《关于2015年度财务报告会计差错更正事项的公告》称，根据上海证券交易所（以下简称本所）对公司2015年度财务报告的事后审核问询函，公司核查发现年报存在会计差错：2015年在对九润源合并时，由于对可辨认净资产公允价值的认定存在差错，导致在合并日将支付对价人民币6,669万元与评估价值调整后的公允价值按所享有份额之间的差异确认了营业外收入207.17万元|2015年度净利润的81.31%），虚增确认正商誉，影响当年净资产-3879.23万元",后的公允价值按所享有份额之间的差异确认了营业外收入|影响当年净资产-,2016|2015,
江苏舜天船舶股份有限公司,002608.SZ,江苏国信,"调整后，公司2013年归属于上市公司股东的净利润（以下简称“净利润”）由9,608.94万元",归属于上市公司股东的净利润（以下简称“净利润”）由,2013,
吉林成城集团股份有限公司,600247.SH,*ST成城,"2012 年年度报告关于对安华保险投资存在虚假记载；四、未及时披露与上海中强能源（集团 ）有限公司土地合作开发协议终止的重大信息；五、虚构与上海科泉物资供应有限公司交易事项 ，导致虚增 2012 年度收入18,444 万元", 2012 年度收入,2012,
黑龙江北大荒农业股份有限公司,600598.SH,北大荒,"虚增2011年利润1,600.58万元|2011年11月至12月，北大荒鑫亚向北大荒青枫亚麻纺织有限责任公司（以下简称青枫亚麻，北大荒鑫亚参股公司）销售4,071.03吨亚麻时，与青枫亚麻串通，另签订虚假合同，每吨加价4,600元，虚增2011年度利润1,600.58万元|2011年12月26日，双方签署补充协议书，约定将北大荒鑫亚向青枫亚麻销售的亚麻4,071.03吨单价26,314元/吨做出调整，每吨加价2,800元|2012年12月26日，应青枫亚麻要求，北大荒鑫亚向青枫亚麻出具说明，称由于市场价格变化，于2011年12月26日和2011年12月30日签署的加价协议已经无法实现，因此调减暂估利润4,600元|2013年4月23日公告称，北大荒鑫亚通过与青枫亚麻签署加价补充协议，增加应收款1,873万元，导致2011年度虚增利润1,873万元|虚增2011年度利润3,524万元|2011年亚麻销售虚增利润1,600.58万元",利润|2011年度利润|每吨加价|暂估利润|利润|利润|利润,2013|2011|2012,
黑龙江北大荒农业股份有限公司,600598.SHN,北大荒(沪股通),"虚增2011年利润1,600.58万元|2011年11月至12月，北大荒鑫亚向北大荒青枫亚麻纺织有限责任公司（以下简称青枫亚麻，北大荒鑫亚参股公司）销售4,071.03吨亚麻时，与青枫亚麻串通，另签订虚假合同，每吨加价4,600元，虚增2011年度利润1,600.58万元|2011年12月26日，双方签署补充协议书，约定将北大荒鑫亚向青枫亚麻销售的亚麻4,071.03吨单价26,314元/吨做出调整，每吨加价2,800元|2012年12月26日，应青枫亚麻要求，北大荒鑫亚向青枫亚麻出具说明，称由于市场价格变化，于2011年12月26日和2011年12月30日签署的加价协议已经无法实现，因此调减暂估利润4,600元|2013年4月23日公告称，北大荒鑫亚通过与青枫亚麻签署加价补充协议，增加应收款1,873万元，导致2011年度虚增利润1,873万元|虚增2011年度利润3,524万元|2011年亚麻销售虚增利润1,600.58万元",利润|2011年度利润|每吨加价|暂估利润|利润|利润|利润,2013|2011|2012,
福建金森林业股份有限公司,002679.SZ,福建金森,"2012 年度、 2013年度、2014 年 1 月至 9 月实际的营业收入是 149,121,841.72 元、158,550,198.61元、 136,446,406.80 元，各年（期）虚增营业收入分别为 28,255,650 元",营业收入分别为,2014|2013|2012,
烟台恒邦集团有限公司,002237.SZ,恒邦股份,"2016年4月28日披露《关于前期会计差错更正的公告》，分别将2013年年度报告、 2014年半年度报告、 2014年年度报告、 2015年半年度报告中的资产和负债调增21,000万元",,2014|2013|2016|2015,
山东恒邦冶炼股份有限公司,002237.SZ,恒邦股份,"2016年4月28日披露《关于前期会计差错更正的公告》，分别将2013年年度报告、 2014年半年度报告、 2014年年度报告、 2015年半年度报告中的资产和负债调增21,000万元",,2014|2013|2016|2015,
烟台恒邦集团有限公司经贸分公司,002237.SZ,恒邦股份,"2016年4月28日披露《关于前期会计差错更正的公告》，分别将2013年年度报告、 2014年半年度报告、 2014年年度报告、 2015年半年度报告中的资产和负债调增21,000万元",,2014|2013|2016|2015,
海南亚太实业发展股份有限公司,000691.SZ,亚太实业,"虚减 2012 年净利润2,570,440.80 元|虚增 2013 年净利润 2,570,440.80 元|2013 年底根据前述定价依据对所持该长期股权投资计提减值准备，导致公司 2013 年净利润虚增2,377,904.37 元|2010 年、2011年、2012 年、2014 年分别虚增营业收入 9,714,582.00 元|2013 年虚减营业收入 9,890,010.00 元|2010 年、2011 年、2012 年、2014 年分别虚增营业收入 9,714,582.00元|2013 年虚减营业收入 9,890,010.00 元|2014 年，公司未根据前述判决计提预计负债28,441,122.09 元，导致 2014 年虚增利润 28,441,122.09 元",净利润|净利润||营业收入|营业收入|营业收入|营业收入|利润,2010|2013|2014|2011|2012,
浙江芯能光伏科技股份有限公司,603105.SH,芯能科技,2015年年报中对该事项进行会计差错更正，对2014年度营业成本追溯调增451.64万，调整后的2014年度净利润较申报报表减少383.89万元,调整后的2014年度净利润较申报报表减少,2014|2015,2015年年报
浙江芯能光伏科技股份有限公司,833677.OC,芯能科技(退市),2015年年报中对该事项进行会计差错更正，对2014年度营业成本追溯调增451.64万，调整后的2014年度净利润较申报报表减少383.89万元,调整后的2014年度净利润较申报报表减少,2014|2015,2015年年报
成都华泽钴镍材料股份有限公司,000693.SZ,*ST华泽,"2014年财务报表的其他应收款科目进行重大调整，调整前为1,470.84万元",调整前为,2014,
陕西星王企业集团有限公司,000693.SZ,*ST华泽,"2014年财务报表的其他应收款科目进行重大调整，调整前为1,470.84万元",调整前为,2014,
参仙源参业股份有限公司,831399.OC,参仙源,"2013年，公司将外购野山参作为自挖野山参销售，少计成本55,382,210元|虚增利润55,382,210元；同时，因公司2013年将野山参销售给关联方辽宁参仙源酒业有限公司，认定关联交易虚增收入73,729,327元",成本|认定关联交易虚增收入,2013,
宁波圣莱达电器股份有限公司,002473.SZ,*ST圣莱,2012年财务报表中多计营业收入8189.76万元|多计营业成本707.28万元、虚增利润7482.48万元；2013年财务报表中少计营业成本4918.30万元,营业收入|财务报表中少计营业成本,2013|2012,
福建连城兰花股份有限公司,002679.SZ,福建金森,"2012年度、2013年度、2014年1月至9月实际的营业收入是149,121,841.72元、158,550,198.61元、136,446,406.80元，各年（期）虚增营业收入分别为28,255,650元|2012年1月至2014年9月虚构销售业务虚增收入77,866,225元",营业收入分别为|收入,2014|2013|2012,
福建金森林业股份有限公司,002679.SZ,福建金森,"2012年度、2013年度、2014年1月至9月实际的营业收入是149,121,841.72元、158,550,198.61元、136,446,406.80元，各年（期）虚增营业收入分别为28,255,650元|2012年1月至2014年9月虚构销售业务虚增收入77,866,225元",营业收入分别为|收入,2014|2013|2012,
丹东欣泰电气股份有限公司,300372.SZ,欣泰退(退市),"2011年12月31日，虚构收回应收账款10,156万元，少计提坏账准备659万元|2012年12月31日，虚构收回应收账款12,062万元，虚构收回其他应收款3,384万元，少计提坏账726万元|2013年6月30日，虚构收回应收账款15,840万元，虚构收回其他应收款5,324万元，少计提坏账准备313万元|2013年年度报告》虚构收回应收账款19,940万元，虚构收回其他应收款6,224万元，少计提坏账准备1,240万元|2014年半年度报告》虚构收回应收账款9,974万元，虚构收回其他应收款6,994万元；少计提坏账准备272万元|2014年年度报告》虚构收回应收账款7,262万元，虚构收回其他应收款7,478万元，少计提坏账准备363万元",坏账准备|坏账|坏账准备|坏账准备|坏账准备|坏账准备,2014|2013|2011|2012,
丹东欣泰电气股份有限公司,400067.OC,欣泰3,"2011年12月31日，虚构收回应收账款10,156万元，少计提坏账准备659万元|2012年12月31日，虚构收回应收账款12,062万元，虚构收回其他应收款3,384万元，少计提坏账726万元|2013年6月30日，虚构收回应收账款15,840万元，虚构收回其他应收款5,324万元，少计提坏账准备313万元|2013年年度报告》虚构收回应收账款19,940万元，虚构收回其他应收款6,224万元，少计提坏账准备1,240万元|2014年半年度报告》虚构收回应收账款9,974万元，虚构收回其他应收款6,994万元；少计提坏账准备272万元|2014年年度报告》虚构收回应收账款7,262万元，虚构收回其他应收款7,478万元，少计提坏账准备363万元",坏账准备|坏账|坏账准备|坏账准备|坏账准备|坏账准备,2014|2013|2011|2012,
云南曲辰种业股份有限公司,834751.OC,曲辰种业,2016年3月11日审计调整2015年度所有者权益内部结转盈余公积转增资本公积导致少缴1620.42元|2014年应调增应纳所得税额617437.12元,2015年度所有者权益内部结转盈余公积转增资本公积导致少缴|应纳所得税额,2014|2016|2015,
金亚科技股份有限公司,300028.SZ,金亚科技,2015年8月31日披露的《关于对以前年度重大会计差错更正与追溯调整的公告》中对2014年度财务报表进行会计差错更正并追溯调整相关财务数据，导致更正前后营业利润、利润总额、净利润、净资产的变动幅度超过50%，且未分配利润差异金额达30761.49万元|2016年4月30日披露的《2015年年度报告》再次追溯调整了2014年度财务报表数据，其中调减资产总额32896.03万元,且未分配利润差异金额达|其中调减资产总额,2014|2016|2015,
山东恒邦冶炼股份有限公司,002237.SZ,恒邦股份,"2013年年度、2014年半年度、2014年年度、2015年半年度，恒邦股份对其与恒邦集团等关联方之间发生的部分票据往来事项未按规定及时进行会计确认和计量，导致公司2013年年度报告少计资产21,000万元|少计负债21,000万元，2014年半年度报告少计资产30,400万元|少计负债30,400万元，2014年年度报告少计资产51,740万元|少计负债51,740万元，2015年半年度报告少计资产45,500万元",资产|半年度报告少计资产|年度报告少计资产|半年度报告少计资产,2014|2013|2015,
江苏舜天船舶股份有限公司,002608.SZ,江苏国信,"2014 年共计虚增收入
106,892.99 万元",收入,2014,
攀钢集团钒钛资源股份有限公司,000629.SZ,攀钢钒钛,"调整导致攀钢钒钛 2014 年半年度归属于上市公司股东的净利润由盈利 58,884 万元",半年度归属于上市公司股东的净利润由盈利,2014,
茂名石化实华股份有限公司,000637.SZ,茂化实华,"2014 年年报多计主营业务收入2068.49 万元|2014 年 3 月茂名市晶惠石油化工有限公司（以下简称晶惠公司）代杰锋公司偿还 1940 万元应收账款，但公司未及时进行账务处理，导致在 2014 年 6 月 30 日杰锋公司应收账款
余额多计 1940 万元",主营业务收入|,2014,2014 年年报
浙江步森服饰股份有限公司,002569.SZ,步森股份,"2011年财务报表虚增资产204,451,195.14元|2012年财务报表虚增资产339,713,667.53元|2013年财务报表虚增资产470,469,226.00元|2014年1月1日至2014年4月30日财务报表虚增资产503,309,782.17元|2011年财务报表虚增营业收入147,524,498.58元|2012年财务报表虚增营业收入183,114,299.70元|2013年财务报表虚增营业收入238,408,819.30元|2014年1月1日至2014年4月30日财务报表虚增营业收入41,289,583.20元",资产|资产|资产|资产|营业收入|营业收入|营业收入|营业收入,2014|2013|2011|2012,
灏景(厦门)文化传媒股份有限公司,835478.OC,灏景传媒,"2014 年企业所得税汇算清缴时，公司存在以下应调而未调整事项：①公司 2014 年捐赠支出共计 102 万元|2014 年利润总额1,193,843.72 元，准予税前扣除金额为 143,261.25 元，应调增应纳税所得 876,738.75 元|调增应纳税所得 16,427.00 元；③2015 年 8 月补申报缴纳 2014 年度印花税13,910.04 元",未调整事项：①公司 2014 年捐赠支出共计|应纳税所得| 8 月补申报缴纳 2014 年度印花税,2014|2015,
江苏舜天船舶股份有限公司,002608.SZ,江苏国信,"调整以前年度损益，分别调减 2009 年、2010 年、2012年、2013 年净利润 3,249.14 万元",2013 年净利润,2010|2013|2012,
常林股份有限公司,600710.SH,苏美达,2014年11月28日，现代江苏向江苏省常州市国家税务局（以下简称“常州税务局”）申报2006年、2007年和2011年特别纳税调整应纳税所得额3.48亿元|调整事项对公司2006年、2007年以及2011年3个会计年度确认的投资收益的影响总额为1.39亿元,应纳税所得额|3个会计年度确认的投资收益的影响总额为,2014|2011,
潍坊北大青鸟华光科技股份有限公司,600076.SH,康欣新材,"虚增2012年营业收入　　青鸟华光2012年年报确认公司2012年度实现营业收入12,791,747.53元",营业收入　　青鸟华光2012年年报确认公司2012年度实现营业收入,2012,2012年年报
湖北武昌鱼股份有限公司,600275.SH,ST昌鱼,调整，本次重组原财务顾问据此终止为公司重组提供服务；其四，黔锦矿业评估价格屡次出现调整，从2014年10月22日预案披露的预估值17.45亿元,10月22日预案披露的预估值,2014,
上海物资贸易股份有限公司,600822.SH,上海物贸,"2011年，公司年度报告（合并）虚增资产分别为32,757,527.73元",资产分别为,2011,
上海物资贸易股份有限公司,900927.SH,物贸B股,"2011年，公司年度报告（合并）虚增资产分别为32,757,527.73元",资产分别为,2011,
海南亚太实业发展股份有限公司,000691.SZ,亚太实业,"2013年对5,355,085.00元质量索赔款会计处理不当,2012年虚减净利润5,355,085.00元|2013年虚增净利润5,355,085.00元|2013年12月31日,济南固锝冲回2013年10月份所做凭证,并在下一个凭证中冲减当期营业成本5,300,000.00元,对应调增产成品5,300,000.00元|2012年虚减净利润5,35 5,085.00元|2013年虚增净利润5,355,085.00元|虚减2012年净利润2,570,440.80元|虚增2013年净利润2,570,440.80元|2013年未计提所持济南固锝长期股权投资减值准备,导致2013年净利润虚增2,377,904.37元|2010年、2011年、2012年、2014年分别虚增营业收入9,714,582.00元|2013年虚减营业收入9,741,483.00元","净利润|净利润|产成品|净利润5,35|净利润|净利润|净利润||营业收入|营业收入",2010|2013|2014|2011|2012,
华锐风电科技(集团)股份有限公司,601558.SH,ST锐电,"2011年度提前确认风电机组收入413台，对2011年度财务报告的影响为：虚增营业收入2,431,739,125.66元",营业收入,2011,
上海大智慧股份有限公司,601519.SH,大智慧,"2013年涉嫌提前确认有承诺政策的收入87,446,901.48元；
二、2013年以“打新”等为名营销，涉嫌虚增销售收入2,872,486.68元|虚增2013年收入93.34万元|2013年年终奖减少应计成本费用24,954,316.65元；
五、涉嫌虚构业务合同虚增2013年收入1,567.74万元",销售收入|收入|2013年收入,2013,
杭州天目山药业股份有限公司,600671.SH,天目药业,2013 年年度报告存在其他虚假记载（一）、受托加工业按一般采购销售业务进行会计处理，虚增收入 4504.98 万元|2012 年预提费用冲减应收账款的坏账准备和存货的减值准备，虚增利润 178.39 万元|2013 年 11 月，天目药业将“其他应付款-预提天目医药费用”科目中以前年度留存部分 267.81 万元转入到“其他应付款-责任制考核”科目，用于处理 2013 年末的存货损失和应收账款坏账损失共178.39 万元，其中， 2013 年 12 月 1 日制作记账凭证冲库存商品119.46 万元（其中已计提减值准备 102.77 万元，调整存货 0.7 万元|虚增 2013 年度利润 178.39 万元,收入|利润|存货|利润,2013|2012,
浙江步森服饰股份有限公司,002569.SZ,步森股份,"2011年财务报表虚增资产 204,451,195.14元|2012年财务报表虚增资产 339,713,667.53 元|2013年财务报表虚增资产 470,469,226.00 元|2014 年 1 月 1 日至 2014 年 4 月 30 日财务报表虚增资产503,309,782.17元|2011年财务报表虚增营业收入 147,524,498.58 元|2012 年财务报表虚增营业收入183,114,299.70 元|2013 年财务报表虚增营业收入238,408,819.30元|2014年1月1日至2014年4月30日财务报表虚增营业收入 41,289,583.20元",资产|资产|资产|资产|营业收入|营业收入|营业收入|营业收入,2014|2013|2011|2012,
中科云网科技集团股份有限公司,002306.SZ,*ST云网,"2014年1月29日，中科云网发布《关于对2012年年度报告进行会计差错更正的公告》称，调减营业收入1480万元|2014年8月30日，中科云网发布《关于对2014年一季度报告进行会计差错更正的公告》称，调减营业收入34,188,034.19元",营业收入|营业收入,2014|2012,2014年一季度
深圳键桥通讯技术股份有限公司,002316.SZ,亚联发展,2013年归属于母公司所有者的净利润（以下简称“净利润”）调整金额分别为-1406万元,金额分别为-,2013,
四川升达林业产业股份有限公司,002259.SZ,ST升达,"2012年3月27日发布业绩快报修正公告，2011年度归属于上市公司股东的净利润由2012年2月29日业绩快报披露的盈利18,371,252.24元调整为亏损16,126,650.13元",为亏损,2011|2012,
江苏舜天船舶股份有限公司,002608.SZ,江苏国信,2013年前已取消采购订单、不符合预付账款性质的长账龄预付进口设备款挂列预付账款 ，将2013年及以前年度不符合销售确认条件的船舶确认为销售收入的问题，应追溯调减2013年净利润2745.9万元,2013年净利润,2013,
安徽皖江物流(集团)股份有限公司,600575.SH,皖江物流,2012年虚增收入4、550、546、404.97元|2012年年报收入的14.05%，虚增利润255、853、505.71元|2012年年报利润总额的51.36%；2013年虚增收入4、603、540、216.10元|2013年报收入的13.48%，虚增利润233、966、308.60元,|||,2013|2012,2012年年报
安徽皖江物流(集团)股份有限公司,600575.SHN,皖江物流(沪股通),2012年虚增收入4、550、546、404.97元|2012年年报收入的14.05%，虚增利润255、853、505.71元|2012年年报利润总额的51.36%；2013年虚增收入4、603、540、216.10元|2013年报收入的13.48%，虚增利润233、966、308.60元,|||,2013|2012,2012年年报
贵州国创能源控股(集团)股份有限公司,600145.SH,*ST新亿,"2014年4月30日，国创能源对2012年财务报告会计差错进行更正，追溯调整后2012年年报的净利润为1,652,229.15元|2013年3月12日国创能源披露2012年年报的净利润为2,846,428.53元），调整后2012年公司虚增利润1,194,199.38元",后2012年年报的净利润为|后2012年公司虚增利润,2013|2014|2012,2012年年报
上海物资贸易股份有限公司,600822.SH,上海物贸,"2011 年年度报告（合并）虚增资产分别为 32,757,527.73 元",资产分别为,2011,
上海物资贸易股份有限公司,900927.SH,物贸B股,"2011 年年度报告（合并）虚增资产分别为 32,757,527.73 元",资产分别为,2011,
潍坊北大青鸟华光科技股份有限公司,600076.SH,康欣新材,"2012年年度报告中，未按规定披露其与新疆盛世新天、四海华澳之间存在的关联方关系及发生的关联交易；同时，青鸟华光未按规定将上述北京华光股权转让形成的利得计入所有者权益，而是计入了当期损益，导致公司2012年度利润总额虚增4,122.19万元|2012 年通过关联方配合控股子公司实施无商业实质的购销交易，虚增年度营业收入
青鸟华光2012年年报确认公司2012年度实现营业收入12,791,747.53元","|年度营业收入
青鸟华光2012年年报确认公司2012年度实现营业收入",2012,2012年年报
风神轮胎股份有限公司,600469.SH,风神股份,"2011年年度报告会计信息存在虚假记载2011年风神股份三包退赔、返利、三包优赔业务入账金额与实际发生金额不符，从而虚减利润7,593,130.28元|2012年年度报告会计信息存在虚假记载
(一)2012年风神股份三包退赔、返利业务入账金额与实际发生金额不符，从而虚减利润22,124,654.34元|2012年风神股份虚增主营业务收入127,868,196.02元",利润|利润|主营业务收入,2011|2012,
风神轮胎股份有限公司,600469.SHN,风神股份(沪股通),"2011年年度报告会计信息存在虚假记载2011年风神股份三包退赔、返利、三包优赔业务入账金额与实际发生金额不符，从而虚减利润7,593,130.28元|2012年年度报告会计信息存在虚假记载
(一)2012年风神股份三包退赔、返利业务入账金额与实际发生金额不符，从而虚减利润22,124,654.34元|2012年风神股份虚增主营业务收入127,868,196.02元",利润|利润|主营业务收入,2011|2012,
深圳键桥通讯技术股份有限公司,002316.SZ,亚联发展,虚增2010年利润总额447万元|虚增2011年利润总额551万元|虚增2012年利润总额926万元,利润总额|利润总额|利润总额,2010|2011|2012,
上海神开石油化工装备股份有限公司,002278.SZ,神开股份,"2010年、2011年、2012年财务会计报告存在虚假记载，其中虚增2010年利润总额11,912,196.54元|虚减2011年利润总额55,641.84元|虚减2012年度利润总额11,856,554.72元",2010年利润总额|利润总额|利润总额,2010|2011|2012,
华锐风电科技(集团)股份有限公司,601558.SH,ST锐电,"虚增2011年收入与利润的具体情况
华锐风电2011年年报通过制作虚假吊装单提前确认收入的方式，虚增2011年度利润277,851,672.33元|2011年年报提前确认，2012年完成吊装华锐风电将实际未吊装完成的项目在2011年确认收入的有关情况（实际系在2012年完成吊装）：涉及营业收入1,507,712,813.36元，营业成本1,351,487,509.22元，预提运费22,438,170.46元，计提坏账66,653,638.29元，虚增2011年度利润总额67,133,495.39元|2011年年报提前确认，至2012年仍未完成吊装
华锐风电将实际未吊装完成的项目在2011年确认收入，涉及营业收入929,026,312.30元，营业成本657,113,039.51元，预提运费8,945,810.37元，计提坏账52,249,285.48元，虚增2011年度利润总额210,718,176.94元",虚增2011年度利润|2011年度利润总额|2011年度利润总额,2011|2012,2011年年报
湖北三峡新型建材股份有限公司,600293.SH,三峡新材,"2011年少结转成本、虚增利润7,542.58万元|2012年少结转成本、虚增利润1,565.74万元",利润|利润,2011|2012,
深圳市迪威视讯股份有限公司,300167.SZ,迪威迅,"2012年虚增营业收入3,404,782.15元|2012年年度报告》合并财务报表披露的营业收入224,909,895.77元的1.51%；虚增营业利润3,404,782.15元|2011年虚增营业收入7,662,453.52元|2011年年度报告》合并财务报表披露的营业收入229,341,621.84元的3.34%；虚增营业利润7,662,453.52元|2010年虚增营业收入12,318,362.16元|2010年年度报告》合并财务报表披露的营业收入203,120,392.83元的6.06%；虚增营业利润12,318,362.16元",营业收入|营业利润|营业收入|营业利润|营业收入|营业利润,2010|2011|2012,
天津环球磁卡股份有限公司,600800.SH,天津磁卡,2012年各期年度报告财务数据披露不真实、不准确公司2006年半年报至2013年半年报期间均未披露天津环球化学科技有限公司是其子公司，未将该公司纳入合并财务报表的合并范围，虚计2006-2012年各期年报合并利润，导致公司2006年度虚减合并利润15，744，787.13元|虚减合并利润14，656，212.03元，2008年度虚减合并利润30，677，205.45元，2009年度虚减合并利润11，623，139.04元，2010年度虚增合并利润61，036，391.95元|2011年度虚减合并利润3，918，316.16元|2012年度虚增合并利润18，731，025.29元,|||,2010|2013|2011|2012,2013年半年报|2012年各期年报
上海神开石油化工装备股份有限公司,002278.SZ,神开股份,"2010年、2011年、2012年财务会计报告存在虚假记载，其中虚增2010年利润总额11,912,196.54元|虚减2011年利润总额55,641.84元|虚减2012年度利润总额11,856,554.72元",2010年利润总额|利润总额|利润总额,2010|2011|2012,
平安证券有限责任公司,601318.SH,中国平安,"虚增营业收入的事实
2010年度，海联讯虚构4份合同，虚增营业收入1,426万元|2011年上半年，海联讯虚构6份合同，虚增营业收入1,335万元",虚增营业收入|营业收入,2010|2011,
平安证券有限责任公司,601318.SHN,中国平安(沪股通),"虚增营业收入的事实
2010年度，海联讯虚构4份合同，虚增营业收入1,426万元|2011年上半年，海联讯虚构6份合同，虚增营业收入1,335万元",虚增营业收入|营业收入,2010|2011,
深圳海联讯科技股份有限公司,300277.SZ,海联讯,"虚增营业收入，致使其制作和报送中国证监会的IPO 申请文件中相关财务数据和财务指标存在虚假记载，具体事实如下：
（一）虚构收回应收账款
经查，2009 年12 月31 日，海联讯通过他人转入资金1,429 万元冲减应收账款，后于2010 年1 月4 日全额退款并转回应收账款；2010 年9 月和12 月，海联讯通过股东垫资转入资金2,566 万元|虚增营业收入
经查，海联讯2010 年通过虚构4 份合同和相应的验收报告，虚增营业收入1,426 万元|2011 年上半年通过虚构6 份合同和相应的验收报告，虚增营业收入1,335 万元|2011 年度虚构15 份合同和相应的验收报告，虚增营业收入3,796 万元",海联讯通过股东垫资转入资金|虚增营业收入|营业收入|营业收入,2010|2011,
天津环球磁卡股份有限公司,600800.SH,天津磁卡,"2010年合并财务报表虚增合并利润61,036,391.95元|2011年合并财务报表虚减合并利润3,918,316.16元|2012年合并财务报表虚增合并利润18,731,025.29元",合并利润|合并利润|合并利润,2010|2011|2012,
深圳海联讯科技股份有限公司,300277.SZ,海联讯,"2011 年财务报告调减营业收入37,960,000 元",营业收入,2011,
上海康达化工新材料股份有限公司,002669.SZ,康达新材,"2012年一季度财务报告中，康达新材虚增营业利润3,718,480.73元|虚增后2012年一季度营业利润为8,178,798.08元",营业利润|一季度营业利润为,2012,2012年一季度
湖北三峡新型建材股份有限公司,600293.SH,三峡新材,2011年、2012年成本核算过程中，分别少计原材料成本7582万元|2011年度、2012年度发生的重大会计差错进行了更正，调减2011年度归属于母公司所有者的净利润6444万元|调减 2012年度归属于母公司所有者的净利润1333万元,原材料成本|2011年度归属于母公司所有者的净利润|归属于母公司所有者的净利润,2011|2012,
上海超日太阳能科技股份有限公司,002506.SZ,协鑫集成,2012年12月，*ST超日控股子公司上海超日国际贸易有限公司调整了部分已销售产品的价格，核减了应收账款和营业收入5.13亿元,核减了应收账款和营业收入,2012,
新疆中基实业股份有限公司,000972.SZ,ST中基,"虚增收入31,566.92万元，虚增成本22,481.37万元，虚增利润9,085.55万元，虚增利润占经核查更正后净利润的138.57%，导致当年利润由亏损变盈利；
2007年虚增收入26,849.77万元，虚增成本24,915.95万元，虚增利润1,933.81万元，虚增利润占经核查更正后净利润的34.50%；
2008年虚增收入7,559.67万元，虚增成本10,365.51万元，虚减利润2,805.84万元，虚减利润占经核查更正后净利润的68.57%；
2009年虚增收入0万元，虚增成本675.04万元，虚减利润675.04万元，虚减利润占经核查更正后净利润的25.43%；
2010年虚增收入0万元|虚增成本5,648.11万元，虚减利润5,648.11万元，虚减利润占经核查更正后净利润的26.25%；
2011年虚增收入0万元",虚增收入|虚增收入,2010|2011,
海南康芝药业股份有限公司,300086.SZ,康芝药业,"虚增2011年利润1,568,139.83元|2011年12月29日，在康芝营销未按《OTC合作推广协议》履行投放广告义务前，康芝营销确认了上述销售收入2,499,782.08元，虚增利润1,568,139.83元|虚增2011年和2012年利润分别为2,384,964.00元|调对外借款，北京祥云财务负责人周某经办，2011年及2012年分别借款4,676,442.18元",利润|利润|和2012年利润分别为|及2012年分别借款,2011|2012,
南京纺织品进出口股份有限公司,600250.SH,南纺股份,"2012年3月23日收到中国证券监督管理委员会（以下简称“中国证监会”）下发的《调查通知书》（2012调查通字1234号），并于2014年5月15日收到中国证监会下发的《行政处罚决定书》（〔2014〕42号），现将《行政处罚决定书》有关内容公告如下：
一、中国证监会认定公司存在的违法事实
1、南纺股份2006年虚构利润
南纺股份2006年年度报告披露的利润为2,440.50万元（南纺股份在2007年年度报告中将其调整为1,902.44万元",为,2014|2012,
北京赛迪传媒投资股份有限公司,000504.SZ,南华生物,2012年末的商誉调减0.94亿元|调减0.58亿元，未分配利润调减1.51亿元；2012年度的资产减值损失调增1.52亿元,|的资产减值损失调增,2012,
万福生科(湖南)农业开发股份有限公司,300268.SZ,佳沃股份,"2010年分别虚增销售收入约12,000万元|虚增营业利润约2,851万元、3,857万元、4,590万元；2011年年报和2012年半年报虚增销售收入28,000万元|2012年上半年数据进行调整，营业收入分别为24,359万元|2011年虚增销售收入28,681万元|2012年上半年虚增销售收入16,549万元",销售收入约|年报和2012年半年报虚增销售收入|营业收入分别为|销售收入|销售收入,2010|2011|2012,2011年年报|2012年半年报
华锐风电科技(集团)股份有限公司,601558.SH,ST锐电,2013年4月20日，公司发布《华锐风电科技（集团）股份有限公司关于前期会计差错更正的公告》，披露对2011年年报进行追溯调整，其中资产总额调减6.9亿元,其中资产总额调减,2013|2011,2011年年报
万福生科(湖南)农业开发股份有限公司,300268.SZ,佳沃股份,2013年3月2日披露的《关于重大事项披露及股票复牌的公告》，公司2008-2011年期间存在财务数据虚假记载情形，累计虚增收入7.4亿元|2011年度公司虚构营业收入2.8亿元，虚增营业利润6541.36万元|虚增数据进行调整后，公司2011年营业收入、营业利润和归属于上市公司股东的净利润数额分别为2.73亿元,收入|营业利润|营业利润和归属于上市公司股东的净利润数额分别为,2013|2011,
南京纺织品进出口股份有限公司,600250.SH,南纺股份,2012年初，公司对以前年度财务数据进追查，对2010年期末净资产及当期损益进行了一系列追溯调账：资产类科目，主要调减应收账款3.46亿元,主要调减应收账款,2010|2012,
万福生科(湖南)农业开发股份有限公司,300268.SZ,佳沃股份,2012年10月26日披露的《关于重要信息披露的补充和2012年中报更正的公告》（以下简称“更正公告”），万福生科2012年半年度报告中存在虚假记载和重大遗漏：在2012年半年度报告中虚增营业收入1.88亿元,营业收入,2012,
深圳市同洲电子股份有限公司,002052.SZ,同洲电子,调整后，公司2009年和2010年净利润分别减少1639.45万元,净利润分别减少,2010,
潍坊亚星化学股份有限公司,600319.SH,亚星化学,"少计57,050万元，应付票据少记57,050万元；2009年年度报告其他应收款少计37,350万元，应付票据少计37,350万元；2010年中期报告其他应收款少计30,300万元",中期报告其他应收款少计,2010,
天津滨海能源发展股份有限公司,000695.SZ,滨海能源,2010年12月25日，天津经济技术开发区财政局向滨海能源下发《关于将部分淡季储煤专项借款调整为专项补贴的通知》（以下简称“《通知》”），《通知》表示：为缓解物价及劳动力费用水平上涨对滨海能源2010年度生产经营的影响，经研究决定，将淡季储煤专项借款中3000万元,将淡季储煤专项借款中,2010,
